season_name,season_pk
ICON,101
NHD,201
TKI,202
TB,206
TT,207
GR,210
19TOTY,211
18TOTY,212
MCICON,213
TC,214
19TOTS,215
HOT,216
COC,217
OTW,218
19NG,219
20TOTY,220
19UCL,221
20TOTN,222
TKL,225
20TOTS,230
VTR,231
MOG,233
LH,234
LA,236
MC,237
20NG,238
20KLB,239
21TOTY,240
21TOTN,241
20UCL,242
UP,246
2012KH,247
NTG,249
21TOTS,250
EBS,251
CAP,252
BOE21,253
CFA,254
BTB,256
21KLB,257
22TOTY,258
22TOTN,259
21UCL,260
22HR,261
21NG,262
FA,264
LOL,265
22TOTS,267
LN,268
SPL,270
BWC,272
WC22,273
RMCF,274
22KFA,293
21KFA,294
2019KFA,295
MCFC,297
2018KFA,298
