nation,nation_pk
프랑스,001
스페인,002
대한민국,003
잉글랜드,004
브라질,005
독일,006
네덜란드,007
이탈리아,008
포르투갈,009
아르헨티나,010
벨기에,011
크로아티아,012
스위스,013
덴마크,014
우루과이,015
세르비아,016
세네갈,017
멕시코,018
콜롬비아,019
폴란드,020
스웨덴,021
웨일스,022
미국,023
오스트리아,024
모로코,025
나이지리아,026
칠레,027
체코,028
일본,029
우크라이나,030
코트디부아르,031
카메룬,032
튀르키예,033
가나,034
알제리,035
그리스,036
슬로베니아,037
코스타리카,038
노르웨이,039
보스니아 헤르체고비나,040
스코틀랜드,041
캐나다,042
아일랜드,043
페루,044
이집트,045
튀니지,046
러시아,047
몬테네그로,048
호주,049
슬로바키아,050
에콰도르,051
아이슬란드,052
루마니아,053
말리,054
핀란드,055
헝가리,056
이란,057
사우디아라비아,058
가봉,059
기니,060
자메이카,061
알바니아,062
북아일랜드,063
콩고 민주 공화국,064
불가리아,065
중국,066
파라과이,067
아르메니아,068
베네수엘라,069
케냐,070
케이프베르디 제도,071
토고,072
북마케도니아,073
도미니카 공화국,074
중앙아프리카 공화국,075
아이티,076
에스토니아,077
감비아,078
부르키나파소,079
우즈베키스탄,080
남아프리카공화국,081
코소보,082
뉴질랜드,083
수리남,084
조지아,085
모잠비크,086
기니비사우,087
쿠바,088
카자흐스탄,089
이스라엘,090
요르단,091
키프로스,092
잠비아,093
