club_name,club_pk
페헤바르 FC,0001
도라도 데 시나로아,0002
FC 올렉산드리야,0003
브루나이 DPMM FC,0004
UD 이비사,0005
웨스트 햄 유나이티드,0006
청주 시청 FC,0007
셀타 비고,0008
허난 쑹산 룽먼,0009
로더럼 유나이티드,0010
FC 크라스노다르,0011
FK 스렘치차,0012
시에나,0013
NK 이스트라,0014
알레마니아 아헨,0015
물루디아 샤비아 알제,0016
옥스퍼드 유나이티드,0017
CD 톤델라,0018
FC 리퍼링,0019
FC 빈터투어,0020
D.C. 유나이티드,0021
산프레체 히로시마,0022
CA 사카테페크,0023
1461 트라브존,0024
FC 노르셸란,0025
GKS 트흐,0026
페네르바흐체 SK,0027
-,0028
올레순 FK,0029
빅토리아 지슈코프,0030
라 아한,0031
코니아스포르,0032
샤르자 SC,0033
샌디에고 사커스,0034
FK 스렘,0035
FC 그라핀 블라심,0036
유벤투스,0037
비르통,0038
아스콜리,0039
피터버러 유나이티드,0040
다롄 스더,0041
가퍼스 타운 AFC,0042
파라나,0043
베이라마르,0044
허베이 FC,0045
샤무아 니오르테 FC,0046
루흐 호르초프,0047
쿠리치바,0048
엘나시오날,0049
케르키라 ,0050
FC 도쿄,0051
FC 잉골슈타트 04,0052
ŁKS 우치,0053
FC 바젤 1893,0054
카페탈레로스 데 치아파스,0055
목포시청,0056
사우샘프턴,0057
하이두크 스플리트,0058
카탈레 도야마,0059
CD 레가네스 B,0060
메이드스톤 유나이티드,0061
커쉬올더 SC,0062
파라두 AC,0063
길링엄,0064
뉴욕 코스모스,0065
뉴욕 레드불스 II,0066
데스포르치부 브라질,0067
아비스파 후쿠오카,0068
샤밥 알오르돈 알카디시야,0069
KSK 베베런,0070
OGC 니스,0071
파스 야니나,0072
세아라,0073
GD 가파냐,0074
CA 세로,0075
랴오닝 훙윈,0076
선덜랜드,0077
FK 라드,0078
산드니스 Ulf,0079
라드니치키 니시,0080
SV 베헨 비스바덴,0081
FK 믈라다볼레슬라프,0082
CD 안토파가스타,0083
고도이 크루스,0084
FC 취리히,0085
반즐리,0086
보카 주니어스,0087
GD 투어리젠세,0088
MFK 비트코비체,0089
AA 겐트,0090
FRC 세랭,0091
마이애미 퓨전,0092
렉섬 AFC,0093
만프레도니아,0094
TSG 호펜하임,0095
슬라비아 소피아,0096
AS 레알 바마코,0097
1. FC 뉘른베르크,0098
인테르 자프레시치,0099
뉴얼스 올드보이스,0100
레알 솔트레이크,0101
사간 도스,0102
용 아약스,0103
찰턴 애슬레틱,0104
파비아,0105
아틀레티쿠 파렌세,0106
J. 말루치엘리 푸트볼,0107
구르니크 웽치나,0108
우니앙 푸치볼 클루비,0109
파니오니오스 FC,0110
웰링턴 피닉스,0111
벨레스 사르스피엘드,0112
FC 괴뇽,0113
죄네스 스포르티브 마디네트 티아레,0114
페나피엘,0115
마두레이라 - RJ,0116
AFC 본머스,0117
스타드 라발루아,0118
켐니처 FC,0119
제니트,0120
우니앙 자 마데이라,0121
알나스르,0122
FK 콜루바라 라자레바츠,0123
옥스퍼드 시티,0124
1. FC 쾰른,0125
브뢴뷔 IF,0126
르망 FC,0127
아틀라스,0128
사우스포트,0129
쟈코멘세,0130
캐논 데 예운데,0131
FC 니트라,0132
샬럿 FC,0133
아우트-헤버를레이 뢰번,0134
힘나시아 후후이,0135
에비앙 FC,0136
탬파베이 뮤터니,0137
앤트워프,0138
세인트조지스 SC,0139
아우스트리아 케른텐,0140
프레쥐스-생-라파엘 FC,0141
세르클러 브루게,0142
강원 FC,0143
수원 삼성 블루윙즈,0144
산토스,0145
TPS 투르쿠,0146
포르투나 시타르트,0147
리치몬드 키커스,0148
말뫼 FF,0149
FC 위트레흐트,0150
AC 아를 아비뇽,0151
올림피아 아순시온,0152
FC 파싱,0153
던디 Utd.,0154
산투추 FC,0155
서울 유나이티드,0156
톰벤시,0157
하트 오브 미들로디언,0158
달링턴,0159
와리 울브스 FC,0160
산 마르코스,0161
CD 마샤케느,0162
키커스 오펜바흐,0163
페닉스,0164
알미르 시티 FC,0165
크레모네세,0166
AIK,0167
프레우문드,0168
U 아메리카 FC,0169
충주시민축구단,0170
아브르 AC,0171
알아인 FC,0172
화성 FC,0173
CS 스팍시앵,0174
KTP,0175
클루브 아틀레티코 데 산루이스,0176
UD 알메이라 B,0177
부리람 유나이티드,0178
알야르무크,0179
포자,0180
그레미우,0181
FK 바니크 소콜로프,0182
페나폴렌세,0183
콜체스터 유나이티드,0184
FK 테플리체,0185
함부르크 SV,0186
폴리스 테로 FC,0187
AS 낭시,0188
덜리치 햄릿,0189
마리티무,0190
상카에타누,0191
FC 장크트파울리,0192
엑셀시오르 로테르담,0193
왓퍼드,0194
NK 돔잘레,0195
로코모티브 모스크바,0196
카베제 1919,0197
FC 파두츠,0198
탬워스,0199
샬럿 인디펜던스,0200
IFK 헤슬레홀름,0201
RC 레크레아티보,0202
모즐리,0203
빅토리아 아셰픈부르크,0204
CD 미란데스,0205
케플라비크 IF,0206
네칵사,0207
크라코비아,0208
NEC 네이메헌,0209
데포르테스 이키케,0210
엘체 CF,0211
카르파티 리비우,0212
부산 아이파크,0213
스포르팅 CP,0214
FC 트벤터,0215
켐벨타운,0216
SD 에이바르,0217
치파 유나이티드 FC,0218
FC 스타드-러자느 우쉬,0219
레알 SC,0220
과달라하라,0221
웨스턴 유나이티드 FC,0222
FC 흐로닝언,0223
FC 흘루친,0224
로코모티프 타슈켄트,0225
세르베트 FC,0226
IFK 클락샴,0227
하코아 아미다르 라마트간,0228
아뽈론 스미르니스,0229
인터 마이애미 CF,0230
EC 비토리아,0231
노바라,0232
트롬쇠 IL,0233
브장송 RC,0234
VVV-벤로,0235
전남 드래곤즈,0236
엑스트레마두라 UD,0237
아틀레티코 마드리드 B,0238
첼시,0239
FK 야블로네츠,0240
FC 바르셀로나,0241
파슬리 셀틱,0242
이스트 파이프,0243
흐비도우레,0244
위컴 원더러스,0245
사수올로,0246
FC 샬케 04 II,0247
스파르타크 탐보프,0248
발렌시아 CF,0249
라누스,0250
포트로더데일 스트라이커스,0251
코벤트리 시티,0252
아벨리노,0253
로사리오 센트랄,0254
FC 빌 1900,0255
클루브 우니베르시타리오 데 데포르테스,0256
옵틱 라테나우,0257
FC 덴보스,0258
타코마 데피안세,0259
란헤임 포트발,0260
로다 JC 케르크라더,0261
카르피,0262
체스터 시티,0263
툴루즈 FC,0264
구르니크 자브제,0265
AO 에피스코피 레심누,0266
산타 크루즈,0267
VfB 슈투트가르트 II,0268
엘라스 베로나,0269
부두치노스트 포드고리차,0270
투르 FC,0271
유카텔 카이세리스포르,0272
AC 밀란,0273
아비롱 바욘,0274
인데펜디엔테 델 바예,0275
톰 톰스크,0276
파스타프 즐린,0277
퀸스파크 레인저스,0278
VV 노르트베이크,0279
보헤미언스,0280
배로 AFC,0281
노팅엄 포리스트,0282
멜버른 빅토리,0283
우한 싼전,0284
NK 올림피야 류블랴나,0285
투룬 팔로세우라,0286
CSKA 소피아,0287
과라팅구에타 풋보르 Ltda. (SP),0288
에버턴,0289
FK 리가,0290
광저우 시티,0291
SC 파렌스,0292
클럽 데포르테스 테무코,0293
NK 자다르,0294
알코르 SC,0295
티로 페데랄 아르헨티노,0296
라싱 클루브 데 아베야네다,0297
AC 벨린초나,0298
FC 루가노,0299
우니베르시다드 세사르 바예호,0300
위건 애슬래틱,0301
올보르 BK,0302
피아스트 글리비체,0303
AS 셰르부르,0304
RC 겡크,0305
NK 마리보르,0306
트로콰이 Utd.,0307
우니온 데 드엘라,0308
하포엘 텔아비브,0309
FK 륀,0310
피닉스 라이징 FC,0311
올랭피크 알레스,0312
NK 카를로바츠 1919,0313
페나롤 아틀레치쿠 클루비,0314
칭다오 FC,0315
우라와 레드 다이아몬즈,0316
IF 엘프스보리,0317
FK 라드니치키 노바파조바,0318
다마크 FC,0319
가지안테프스포르,0320
론드리나,0321
FC 코페르,0322
알아흘리,0323
파도바,0324
BSC 영보이스,0325
노스이스트 유나이티드,0326
알리안사 아틀레티코 데 수야나,0327
발렌시아 메스타야,0328
ATK 풋볼 클럽,0329
이투아누,0330
뉴욕 레드불스,0331
주빌로 이와타,0332
고양 Hi FC,0333
파르티잔 베오그라드,0334
FC 보토샤니,0335
FC 장크트갈렌 1879,0336
선전 FC,0337
시애틀 사운더스 FC 2,0338
괴즈테페,0339
LD 알라후에렌세,0340
시카고 파이어 프리미어,0341
포리스트 그린 로버스,0342
NK 로코모티바 자그레브,0343
캐롤라이나 다이너모,0344
페냐롤,0345
아미앵 SC,0346
FK 제문,0347
안지 마하치칼라,0348
브렌트퍼드,0349
알타이,0350
CA 비제르틴,0351
셰필드 웬즈데이,0352
알아인,0353
주니어 비엘레제 리베르타스,0354
스완지 시티,0355
알바세테 발롬피에,0356
광저우 FC,0357
뉴욕 시티 FC,0358
그레미우 아나폴리스,0359
퍼스 글로리,0360
F.C. 한자 로스토크,0361
아틀레티코 CP,0362
요크 시티,0363
TSV 하벨세,0364
쇠네르위스케,0365
토론토 메트로스-크로아티아,0366
FC 포르투,0367
세비야 FC,0368
호세 갈베스 FBC,0369
믈라도스트 루차니,0370
FK 신젤리치 베오그라드,0371
올림피아코스 CFP,0372
프리 스테이트 스타스 FC,0373
데펜사 이후스티시아,0374
리가 데스포르티바 데 마푸토,0375
세바스토폴,0376
FC 헤브로스,0377
믈라도스트 포드고리차,0378
테우타 두러스,0379
하버뷰,0380
앙나방 갱강,0381
미에치 레그니차,0382
FC 루체른,0383
미요나리오스 FC,0384
VfB 슈투트가르트,0385
AFC 윔블던,0386
피오렌티나,0387
마카비 하이파,0388
SNK 무라,0389
드니프로 드니프로페트로우스크,0390
FC 졸로투른,0391
캘리포니아 서프 ,0392
La U 우니베르시따리오스,0393
로치데일,0394
마니사스포르,0395
장춘 야타이,0396
SSV 얀 레겐스부르크,0397
콰라 유나이티드,0398
우니온 테무코,0399
FC 투겐,0400
하포엘 아풀라,0401
IFK 예테보리,0402
후트닉 크라코프,0403
알샤하니아,0404
치앙마이 유나이티드,0405
클럽 티후아나,0406
필라델피아 유니언,0407
코빌량,0408
FC 사부르탈로,0409
인디펜디엔테 산타페,0410
샌안토니오 FC,0411
옌볜 푸더,0412
RB 라이프치히,0413
노츠 카운티,0414
UD 로그로녜스,0415
몰데 FK,0416
수원 FC,0417
디바 알푸자이라,0418
바리,0419
HFC 하를럼,0420
보르스클라 폴타바,0421
메디폴 바샥셰히르,0422
UE 미아푸에스타 빌라후이가,0423
데리 시티,0424
레알 가르실라소,0425
레알 무르시아 임뻬리알,0426
SFC 오파바,0427
절러에게르세기 TE,0428
CF 페랄라다,0429
BK 헤켄,0430
AEL 리마솔,0431
탬파베이 라우디스,0432
오자스쿠 아우다스 상파울루,0433
버밍햄 리전,0434
리미니,0435
비스와 크라쿠프,0436
빌라베르덴스 FC,0437
CD 산 로케 데 레페,0438
라벤나,0439
알샤밥,0440
워킹턴,0441
충남 아산 축구단,0442
파오크 FC,0443
헤르타 베를린,0444
아틀레티코 미네로 마투카나,0445
온세 칼다스,0446
FC 이스마닝,0447
주벤투지,0448
뉴저지 아메리칸스,0449
파우메이라스,0450
AJ 오세르,0451
오에스치,0452
FC 소쇼 몽벨리아르,0453
브뤼네 FK,0454
팔레르모,0455
BSC 올드보이스 바젤,0456
그라나다 CF,0457
레나테,0458
스티버니지,0459
FC 피나르 델 리오,0460
떼꼬스,0461
뽀뗀자,0462
올랭피크 리옹,0463
MVV 마스트리흐트,0464
리넨세,0465
용인시청 축구단,0466
클루브 유니아 미카에렌세,0467
포르투나 뒤셀도르프,0468
바스쿠 다 가마,0469
HNK 시베니크,0470
세로 포르테뇨,0471
US 오를레앙,0472
페예노르트,0473
폰테 프레타,0474
산마리노 칼초,0475
AZ,0476
프로시노네,0477
알베르카,0478
포르티모넨스 SC,0479
KGHM 자그웽비에 루빈,0480
알라이얀,0481
체세나,0482
이라클리스 FC,0483
케임브리지 유나이티드,0484
보스턴 유나이티드,0485
US 토르시 지오반,0486
콜로라도 래피즈,0487
레이파스 라흐티,0488
코크 시티,0489
노리치 시티,0490
휴스턴 다이너모,0491
HNK 리예카,0492
Vfl 오스나브뤼크,0493
OFI 크레테,0494
세레소 오사카,0495
알라에드,0496
아스널,0497
CF 몬테레이,0498
FC 코펜하겐,0499
티그레,0500
K 베이르스호트 VA,0501
포르데노네,0502
륑뷔 BK,0503
질 비센트 FC,0504
FC 빌뉴스,0505
요코하마 플뤼겔스,0506
클루브 우니베르시다드 나시오날,0507
CD 나시오날 데 엘렉트리코스,0508
AGOVV 아펠도른,0509
스트라돔 쳉스토호바,0510
NK 보니피카 이졸라,0511
안산 그리너스 FC,0512
NA 후세인 데이,0513
NK 유나크 신,0514
톨루카,0515
FK 소치,0516
맨체스터 유나이티드,0517
세르탕지뉴 FC,0518
마카비 텔아비브,0519
ASEC 미모자,0520
알하젬,0521
삼베네데테제,0522
센트럴코스트 매리너스,0523
브네이 예후다 텔 아비브,0524
SV 다름슈타트 98,0525
김해시청,0526
데포르티보 사프리사,0527
스파르타 프라하,0528
뭄바이 시티 FC,0529
알아흘리 SC,0530
에히메 FC,0531
말라가 CF,0532
아틀레티코 나시오날,0533
볼프스베르거 AC,0534
레노파 야마구치,0535
헤르타 BSC II,0536
레알 아빌라 CF,0537
바산 팔로세우라,0538
FC 부뇨드코르,0539
레알 소시에다드 B,0540
KV 메헬런,0541
에버딘,0542
베네치아,0543
보헤미안스 프라하,0544
루이빌 시티 FC,0545
IFK 마리에함,0546
세인트 존스턴,0547
애틀란타 유나이티드 FC,0548
로데스 아베롱 풋볼,0549
더스파구사쓰 군마,0550
데포르테스 톨리마,0551
리버 플레이트,0552
SL 벤피카,0553
페르십 반둥,0554
FK 헤우게순,0555
호벨라 우즈호로드,0556
스컨소프 유나이티드,0557
RCD 마요르카 B,0558
SC 브레겐츠,0559
밀월,0560
ESTAC 트루아,0561
엘라지스포르,0562
산조반네제 1927,0563
US 라온,0564
CD 비냐수르,0565
실롱스크 브로츠와프,0566
MŠK 질리나,0567
IF 브로마포이카르나,0568
FC 메랭,0569
후안 아우리치,0570
레체,0571
다겐햄,0572
FC 뮐루즈,0573
NK 노발랴,0574
올두스포르,0575
아치리알레,0576
마츠모토 야마가 FC,0577
UD 레이리아,0578
NK 첼레,0579
반구,0580
VfL 보훔,0581
FK 추카레츠키,0582
베야 비스타,0583
보타포고 - SP,0584
세비야 아틀레티코,0585
메트로스타스,0586
SC 라인도르프 알타흐,0587
청두 룽청,0588
던스터블 타운,0589
방데 푸아레쉬르비 풋볼,0590
VK 비에르데,0591
메탈리스트 하르키우,0592
바이킹 FK,0593
스타드 브레스트 29,0594
AA 카우덴시,0595
아틀레티코 우일라,0596
에르츠게비르게 아우에,0597
LA 갤럭시,0598
CD 팔렌시아 크리스토 아틀레티코,0599
산티아고 원더러스,0600
다누비오 FC,0601
리버풀,0602
CD 비토리아,0603
NK 자그레브,0604
파룰 콘스탄차,0605
FC 로잔-스포르,0606
나시오나우 FC MG,0607
방데 뤼송 풋볼,0608
슬라이고 로버스,0609
클루브 아틀레티코 아틀란타,0610
맨체스터 시티,0611
로보스 B.U.A.P,0612
VfL 볼프스부르크,0613
포르투게자,0614
우니온 라칼레라,0615
크루스 아술,0616
요코하마 FC,0617
바레세,0618
알두하일,0619
FUS 라밧,0620
치아파스 FC,0621
모어컴,0622
루턴 타운,0623
SpVgg 운터하힝,0624
알가라파 SC,0625
HJK 헬싱키,0626
SV 링스,0627
OFK 베오그라드,0628
레온,0629
알자지라,0630
코킴보 우니도,0631
CF 푸엔라브라다,0632
알웨흐다,0633
FC 포르투 B,0634
코모 1907,0635
비토리아 세투발,0636
CF 인디오스 시우다드 후아레스,0637
데포르티보 타치라,0638
LASK,0639
이뻬르졸라,0640
그레미오 노보리존티노,0641
루케제,0642
산 루이스,0643
주앵빌,0644
UMF 셀포스,0645
충칭 량장 징지,0646
볼클루벤 1893,0647
비스와 프워츠크,0648
CR 벨루이즈다드,0649
RKC 발비크,0650
RCD 에스파뇰,0651
레알 사라고사,0652
렌띠스따스,0653
키에티,0654
포천시민축구단,0655
아르미니아 빌레펠트,0656
콘코르디아 누로프,0657
모레이렌스,0658
셰리프 티라스폴,0659
악차아바트 세바츠스포르,0660
블랙타운 시티,0661
바이아,0662
SV 발트호프 만하임 07,0663
모얼랜드 제브러스,0664
슈루즈베리 타운,0665
갈라타사라이 SK,0666
카부스코르프 SC,0667
레반테 UD,0668
보루시아 묀헨글라트바흐 II,0669
김천 상무,0670
아리스 리마쏠,0671
올랴넨스,0672
부퍼탈러 SV,0673
디암바스 FC,0674
FC 샬케 04,0675
우아치파토 FC,0676
사모라 FC,0677
아나디아 FC,0678
AC 빌라 메이아,0679
이스탄불스포르,0680
데미르 그룹 시바스스포르,0681
게이츠헤드,0682
데게르포르스 IF,0683
FC 탈빌,0684
종프코비아 종프키,0685
PFC CSKA 모스크바,0686
클레르몽 풋 63,0687
모나르카스 모렐리아,0688
드림즈 FC,0689
로센보르그 BK,0690
우이페슈트 FC,0691
외스테르스 IF,0692
AS 트렌친,0693
부천 FC 1995,0694
기라반츠 기타큐슈,0695
풀라드 FC,0696
울산 현대미포조선,0697
디나모 모스크바,0698
RS 푸치볼,0699
SD 폰페라디나,0700
인디 일레븐,0701
AS 생프리에스트,0702
광주 FC,0703
브라이턴 호브 앨비언,0704
FC 라흐티,0705
CD 테루엘,0706
칼라일 유나이티드,0707
보아 이스포르치,0708
말라가 B,0709
곰베 유나이티드 FC,0710
모데나,0711
스타드 랭스,0712
로스앤젤레스 아즈텍스,0713
카디프 시티,0714
부자스포르,0715
대구 FC,0716
나폴리 FC,0717
아우닥스 이탈리아노,0718
스포르팅 히혼,0719
로케런,0720
감바 오사카,0721
VfR 알렌,0722
코로나 키엘체,0723
판트라키코스 FC 코모티니,0724
빗베스트 비츠 FC,0725
위다드 AC 카사블랑카,0726
와이카토 FC,0727
알아흘리 두바이,0728
오이타 트리니타,0729
SV 쥘터 바레험,0730
SV 베스트팔리아 리네른,0731
대전 하나 시티즌,0732
올랜도 파이리츠,0733
샌안토니오 선더,0734
테르나나,0735
카타니아,0736
카시아스,0737
파트로나토,0738
CS 우루과이,0739
인터나시오날,0740
도쿄 베르디,0741
클라우세넹엔 FK,0742
포틀랜드 팀버스,0743
바슬란트-베베런,0744
베이징 궈안,0745
차카리타 주니어스,0746
사마라,0747
스포팅 KC,0748
FK 사바일,0749
FC 카르타헤나,0750
CS 스당,0751
FC 린츠,0752
아샨티골드 SC,0753
CD 누만시아,0754
ES 메탈라우이,0755
리버풀 유스팀,0756
만따 풋볼 클루브,0757
아카데미카,0758
피스토이에세,0759
피게이렌세,0760
FC 메스,0761
FC 류쿠,0762
앙제 SCO,0763
FK 야고디나,0764
오모니아 니코시아,0765
SL 벤피카 B,0766
바랑키야 FC,0767
라싱 클루브 데 몬테비데오,0768
USM 엘하라시,0769
버밍엄 시티,0770
알사일리야 SC,0771
베식타시 JK,0772
HB Køge,0773
시드니 FC,0774
예니 말라탸스포르,0775
빌렘 II,0776
베르더 브레멘,0777
FC 키아소,0778
마게이트,0779
UD 오라다다,0780
헤리퍼드 유나이티드,0781
시미즈 에스펄스,0782
치펜햄 타운,0783
세레뇨,0784
노이카타로,0785
던도크 FC,0786
라티나,0787
마사틀란 풋볼 클럽,0788
천안시 축구단,0789
라요 마하다온다,0790
샤토루,0791
조랴 루한시크,0792
크리시우마,0793
우니베르시다드 데 콘셉시온,0794
쿠마시 레인보우 FC,0795
AC 피렌체 론디넬라,0796
디나모 키이우 II,0797
데포르티부 다스 아베스,0798
AA 아파레시덴세,0799
양주시민축구단,0800
UD 살라망카 B,0801
서울 이랜드,0802
파워 다이나모스 FC,0803
SV 군타마틱 리트,0804
RC 파리,0805
스파르타크 모스크바,0806
클루비 아틀레치쿠 파라나엔시 B,0807
비아레조,0808
파추카,0809
그레시아,0810
바르타 포즈난,0811
푸에블라,0812
아흐마트 그로즈니,0813
FK 젤레즈니크,0814
데포르티보 말도나도,0815
에스키셰히르스포르,0816
데포르티보 알라베스,0817
FSV 프랑크푸르트,0818
라드니츠키 크라구예바츠,0819
레히아 그단스크,0820
지르카 키로바라드,0821
CD 루고,0822
플라이어알람 아드미라,0823
알파테,0824
산둥 타이산,0825
보타포구,0826
홀슈타인 킬,0827
프레스냐 모스크바,0828
CD 아우레라 비토리아,0829
FC 서울,0830
페르세폴리스 FC,0831
데포르티보 칼리,0832
브리즈번 로어,0833
오덴세 BK,0834
MKE 앙카라귀쥐,0835
클루브 나시오날 데풋볼,0836
쿠웨이트,0837
포항 스틸러스,0838
헤타페 B,0839
알카디시아,0840
헬싱보리 IF,0841
SV 슈트라스바엘첸,0842
알아달라 클럽,0843
토론토 FC II,0844
카라레제,0845
CD 올리바이스 모스카비드,0846
아다나스포르,0847
허더즈필드 타운,0848
KFC 위르딩엔 05,0849
AEK 아테네,0850
트로펜스,0851
아인트라흐트 브라운슈바이크,0852
FC 로리앙,0853
디오슈죄리 VTK,0854
공군 축구단,0855
TP 마젬베,0856
FK 하이두크 쿨라,0857
빌라노바 FC,0858
바라깔도 CF,0859
FC 아우크스부르크,0860
알이티하드,0861
외르그뤼테 IS,0862
NK 흐르바츠키 드라고볼랴츠,0863
RC 데포르티보,0864
스포르트 우앙카요,0865
SC 헤이렌베인,0866
슬라벤 벨루포 코프리브니차,0867
키더민스터 해리어스,0868
우니온 아틀레티코 마라카이보,0869
라요 바예카노,0870
과라니,0871
너니턴 타운,0872
알힐랄,0873
SC 미란델라,0874
이파칭가 FC,0875
퀸 오브 더 사우스 ,0876
라싱 데 코르도바,0877
로마 FC,0878
인테르,0879
부산교통공사,0880
FC 기후,0881
CD 바스코니아,0882
그림즈비 타운,0883
보스톤 리버,0884
아약스,0885
이베르돈-스포르트 FC,0886
고양 KH,0887
스톡포트 카운티,0888
슬로반 리베레츠,0889
오스틴 FC,0890
1. FC 하이덴하임,0891
츠르베나 즈베즈다,0892
홋카이도 콘사돌레 삿포로,0893
비제프 우치,0894
트라시불로스 필리스,0895
헤일조인 타운,0896
TSV 하르트베르크,0897
스토밀 올슈틴,0898
아카데미쿠 비제우,0899
우니베르시타리오 데 데포르테스 리마,0900
함마르뷔 IF,0901
도체스터 타운,0902
라네르스 FC,0903
TSV 브라넨버그,0904
MFK 코시체,0905
말라반,0906
보이보디나 노비사드,0907
SV 잔트하우젠,0908
레알 마드리드 C,0909
빌바오 아틀레틱,0910
CFR 클루지,0911
뉴포트 카운티,0912
AC 아작시오,0913
삼순스포르,0914
글로리아 비스트리차,0915
V-파렌 나가사키,0916
피닉스 아카데미,0917
스테아우아 부쿠레슈티,0918
브래드퍼드 시티,0919
SD 우에스카,0920
페르골레테제 1932,0921
라피드 부카레슈티 ,0922
다마쉬 길란,0923
히베이랑,0924
FK 아스타나,0925
슬로반 브라티슬라바,0926
베리아 FC,0927
코제일리스포르,0928
코린치안스,0929
산타 마리아 FC,0930
웨스턴 시드니 원더러스,0931
교토 상가,0932
클루브 데포르티보 과달라하라,0933
아스테라스 트리폴리,0934
나스타치,0935
부르고스 CF,0936
알파이하,0937
FK 베자니야,0938
바르베리 BoIS FC,0939
카이저 치프스,0940
알라니아스포르,0941
FC 신시내티,0942
아떼나스 데 싼 까를로스,0943
우라칸,0944
신트-트라위던,0945
알와슬,0946
살게이루스,0947
할름스타드 BK,0948
레퍼즈,0949
헤보르도자 AC,0950
코브 램블러스,0951
알웨흐다트,0952
님 올랭피크,0953
힘나시아 이에스그리마 라플라타,0954
 AD 카보프리엔세,0955
샤를루아,0956
즈니치 프루슈쿠프,0957
판세라이코스,0958
뇌샤텔 크사막스 FCS,0959
대전 코레일 FC,0960
오라리아 AC,0961
아카데미스크 BK,0962
올랭피크 마르세유,0963
셀틱,0964
더 흐라프스합,0965
파수스 드 페헤이라,0966
카디스 CF,0967
NAC 브레다,0968
구아라칭게타 풋볼 Ltda.,0969
FC 고아,0970
토론토 FC,0971
데펜소르 스포르팅,0972
홈 유나이티드,0973
에시하 발롬피에 ,0974
우니앙 드 토마르,0975
가이나레 돗토리,0976
WSG 티롤,0977
가시와 레이솔,0978
코크 셀틱,0979
니키 볼로스,0980
페로 카릴 오에스테,0981
슈투름 그라츠,0982
크루제이루,0983
AS 드래곤스 FC 드 이오엠,0984
세인트헬렌스 타운,0985
삼프도리아,0986
데포르티보 무니시팔,0987
AS 칸,0988
예이트 타운,0989
FC 르몽,0990
유니오르 FC,0991
IF 림함 분케플로,0992
보라츠 카자츠,0993
이타구이 레오네스 FC,0994
타우리야 심페로폴,0995
배스 시티,0996
FC 오버노일란트,0997
홍콩 레인저스,0998
베갈타 센다이,0999
카스티야,1000
UD 알메리아,1001
내슈빌 SC,1002
하노버 96,1003
알파이살리,1004
레기아 바르샤바,1005
루파 로마,1006
클루브 우니온 마그달레나 S.A,1007
NK 젤레즈니차르 슬라본스키 브로드,1008
레알 바야돌리드,1009
웨스트 브로미치 앨비언,1010
골 FC,1011
브라간치누,1012
FK 보되/글림트,1013
RS 베르칸,1014
글로스터 시티,1015
촐노모레츠 오뎃사,1016
IFK 노르셰핑,1017
1. FC 카이저슬라우테른 II,1018
JS 카빌리,1019
데포르티보 모론,1020
흐멜 블샤니,1021
비야레알 CF,1022
FC 브로요프카 브르노,1023
디나모 자그레브,1024
SC 캄뷔르,1025
에버턴 유스팀,1026
디나모 부쿠레슈티,1027
GD 샤베스,1028
레드 스타 FC,1029
토트넘 홋스퍼,1030
알타무라,1031
스포르트 우니앙 신트렌스,1032
LKS 로츠 ,1033
헤멜 헴스테드,1034
리즈 유나이티드,1035
비토리아,1036
SV 호른 ,1037
KVC 베스테를로,1038
데포르티보 에스파뇰,1039
무앙통 유나이티드,1040
FC 즐라테모라우체,1041
테라사 CF,1042
바이에른 뮌헨,1043
1. FC 우니온 베를린,1044
니알라 콴 SA,1045
바니크 오스트라바,1046
레딩,1047
ES 프리마베라,1048
FC 마르티그,1049
MSP 샤모투이,1050
오드 BK,1051
CE 마타로,1052
MFK 루좀베로크,1053
KV 오스텐더,1054
케비루앙 메트로폴,1055
에스투디안테스 데라플라타,1056
KV 코르트레이크,1057
페스카라,1058
VfL 보훔 II,1059
FC 시옹,1060
루앙-퀴조,1061
엑셀 무크롱,1062
CD 테네리페,1063
TSV 1860 뮌헨 II,1064
파울리스타,1065
새크라멘토 리퍼블릭 FC,1066
에르쿨레스 CF,1067
KS 베사 카바여,1068
FC 비토룰,1069
모지미링,1070
CD 기후엘로,1071
오스트리아 빈,1072
NK BSK 비엘로 브르도,1073
다트포드,1074
콜론,1075
TuS 코블렌츠,1076
페루자,1077
경주 한국수력원자력,1078
스포르툴 스투덴체스크,1079
스포르팅 크리스탈,1080
산토스 FC,1081
BEC 테로 사사나,1082
비야레알 B,1083
CMS 오이셀,1084
노던 퓨어리 FC,1085
구비오,1086
모투 클루브 지 상루이스,1087
시그마 올로모우츠,1088
SK 슬라비아 프라하,1089
셀라야 FC,1090
CD 알칼라,1091
아틀레티코 투쿠만,1092
저지 익스프레스 SC,1093
FIU 팬터스,1094
트레비소,1095
엘모카울룬 알아랍,1096
CD 나시오날,1097
풋볼 클루브 후아레스,1098
FC 우파,1099
투비즈,1100
알와흐다,1101
레알 따말레 유나이티드,1102
프라토,1103
UJA 마카비 파리 메트로폴,1104
꼬르 빠칸 클럽,1105
아스칼스 디벨롭먼트 팀,1106
1. FC 자르브뤼켄,1107
구이저우 헝펑 FC,1108
상 파울루,1109
볼로냐,1110
몬테비데오 원더러스,1111
러시든 & 다이아몬즈,1112
CD 오'히긴스,1113
잠셰드풀 FC,1114
오클랜드 시티,1115
이라티 스포르트 클럽,1116
프레드릭스타 FK,1117
네스비 볼드클루브,1118
아다나 데미르스포르,1119
아폴론 리마솔,1120
아메리카 (리우데자네이루),1121
퀵 보이즈,1122
제프 유나이티드 이치하라,1123
스트룀스고세 톱포트발,1124
브리스톨 시티,1125
FK 차슬라프,1126
SpVgg 그로이터 퓌르트,1127
뮐리코스켄 팔로 -47,1128
빅토리아 플젠,1129
레알 라싱 클루브,1130
살레르니타나,1131
FK 보츠도박,1132
라요 바예카노 B,1133
해로 버러 FC,1134
그바르디아 코샬린,1135
브레인트리 타운,1136
미토 홀리호크,1137
SC 프라이부르크 II,1138
양평 FC,1139
웰링 유나이티드,1140
AS 생테티엔,1141
파자노 오카야마,1142
보루시아 도르트문트 II,1143
루빈 카잔,1144
가고시마 유나이티드,1145
아르헨티노스 주니어스,1146
비셀 고베,1147
밴쿠버 화이트캡스,1148
클루브 아틀레티코 알도시비,1149
리보르노,1150
리베르풀 풋볼 클루브 우루과이,1151
스타드 렌,1152
퀸스 파크,1153
츠에겐 가나자와,1154
아틀레티코 셀라야,1155
팔케 마르크트 슈바벤,1156
델파 포르투 톨레,1157
알타원,1158
도치기 SC,1159
FC 샹블리 우아즈,1160
푸체키오,1161
바우반 스트라스부르크,1162
실케보르 IF,1163
다르다넬스포르 ,1164
벨그라노 데 코르도바,1165
레반테 UD B,1166
헐 시티,1167
첼트넘 타운,1168
알리안사 리마,1169
바니야스 SC,1170
GIF 순스발,1171
고이아스,1172
우돈 타니 FC,1173
로니꼬스 FC,1174
브리즈번 라이언스,1175
우메오 FC,1176
기레순스포르,1177
파티마,1178
1. FSV 마인츠 05 II,1179
레이숑이스,1180
불린 라이온스,1181
카펜베르크 SV,1182
지로나 FC,1183
탐피코 마데로,1184
아틀레틱 클럽 빌바오,1185
FC 이스트르,1186
TSV 노이마르크트,1187
FK 라드니치키 베오그라드,1188
그르노블 풋 38,1189
바일레 볼클루브,1190
카스텔람마레 디스타비아,1191
폴리뇨,1192
GD 인테르클루브,1193
애스턴 빌라,1194
보스턴 미닛맨,1195
칼마르 FF,1196
CA 플라텐세,1197
클럽 스포르티보 세르지피,1198
당진시민축구단,1199
워킹,1200
아브니르 스포르티프 베지에,1201
UD 살라망카,1202
CD 팔레스티노,1203
아미카 브론키,1204
찰스턴 배터리 ,1205
플릿우드 타운,1206
발루르 레이캬비크,1207
MFK 두브니차,1208
빠에드 리나미스꼰드,1209
셰필드 유나이티드,1210
트락토르 클럽,1211
에르지예스포르,1212
플리머스 아가일,1213
MSV 뒤스부르크,1214
울산 현대,1215
벨라시차 GC (옛 이름),1216
알나스르 SC 두바이,1217
FC 볼룬따리,1218
USMP,1219
카자 피아 AC,1220
해번트 워털루빌,1221
그라스호퍼 클럽 취리히,1222
레드불 브라질,1223
FK 파르티자니 티라나 ,1224
나고야 그램퍼스,1225
아타카슈 하타이스포르,1226
아약스 케이프 타운,1227
야네로스 FC,1228
FK 추카리치키,1229
케터링 타운,1230
FC 아일렌부르크,1231
바르셀로나 B,1232
피찌게또네,1233
팔켄베리 FF,1234
보루시아 노인키르헨,1235
ST. 미렌,1236
성남 FC,1237
루셀라러,1238
트루로 시티,1239
센트랄 에스파뇰,1240
데포르티보 파스토,1241
TSV 1860 하나우,1242
라스베이거스 퀵실버스,1243
스타베크 포트발,1244
글라드삭세 히어로,1245
인버네스 CT,1246
하노버 96 II,1247
ASM 벨포르,1248
오스트리아 잘츠부르크,1249
아스트라 지우르지우,1250
레알 스포르팅 히혼 B,1251
스테일리브리지,1252
트라브존스포르,1253
레알 무르시아 CF,1254
알샤말,1255
로스 카운티,1256
나프레다크 크루셰바츠,1257
앨프리턴 타운,1258
FC 댈러스,1259
FC 폴렌담,1260
프레스턴 노스 엔드,1261
인스티투토 코르도바,1262
아트로미토스,1263
AO  테르프시데아 글리파다스,1264
플라타니아스 FC,1265
창원 FC ,1266
고이아니엔세,1267
코린치앙스 알라고아누,1268
세스타오 리버 클럽,1269
샤페코엔시,1270
FC 벨케 메지르지치,1271
베리,1272
월솔,1273
키에보 베로나,1274
포 FC,1275
체스터필드,1276
레이튼 오리엔트,1277
바이엘 레버쿠젠 II,1278
파주시민축구단,1279
토린세,1280
라싱 산탄데르 B,1281
SAS 에피날,1282
비토리아 SC,1283
마르살라 칼초,1284
토레스 칼초,1285
레 어비에제 VF,1286
FC 푸네 시티,1287
프로그레슐 부카레스트 ,1288
아틀레티쿠 미네이루,1289
레스터 시티,1290
뉴캐슬 제츠,1291
펠게이라스,1292
매카서 FC,1293
외스테르순드 FK,1294
PRS 풋볼 클루브,1295
반 OC,1296
알이스마일리,1297
포블라 데 마푸메트 CF,1298
댈러스 번 ,1299
비소치나 이흘라바,1300
오드라 오폴레,1301
라티움,1302
델리 다이너모스 FC,1303
타예레스 레메디오스 데 에스칼라다,1304
FC 낭트,1305
전북 현대 모터스,1306
US 크레테이,1307
크로토네,1308
김포시민축구단,1309
판두리 트르구지우,1310
부르사스포르,1311
야기엘로니아 비야위스토크,1312
버턴 앨비언,1313
LKS 고칼고프스-즈드로이,1314
RC 스트라스부르,1315
로즈부이 카토비체,1316
헨즈포드,1317
CS 에멜레크,1318
그라처 AK,1319
레코,1320
레알 베티스,1321
마테라,1322
에스투디안테스 데 리오 꾸아르또,1323
반피엘드,1324
우라칸 발렌시아,1325
코임브라 미나스제라이스,1326
HSV 바름베크-울렌호르스트,1327
비테서,1328
메탈루르흐 자포리자,1329
후라 슈드,1330
에스토릴,1331
라에키다드,1332
몽펠리에 HSC,1333
TS 갤럭시 FC,1334
윌밍턴 해머헤즈,1335
워싱턴 디플로매츠,1336
반포레 고후,1337
AFC 에스킬스투나,1338
랑공 FC,1339
보라츠 차차크,1340
파르마,1341
올랜도 시티 SC,1342
FC 툰,1343
RC 랑스,1344
FK 벨레즈 모스타,1345
치타델라,1346
파프,1347
누오레제 칼초,1348
키치 스포츠 클럽,1349
바이엘 04 레버쿠젠,1350
함부르크 SV II,1351
FC 에인트호번,1352
사릅스보르그 08,1353
링컨 시티,1354
물루디아 올랭피크 드 베자이아,1355
센트라우 SC,1356
베르가모 칼초,1357
마르쿠,1358
AC 알카네넨세,1359
CS 에레디아노,1360
톈진 톈하이 FC,1361
레알 베티스 발롬피에 B,1362
레흐 포즈난,1363
산로렌소 데 알마그로,1364
스윈던 타운,1365
피츠버그 리버하운즈,1366
벤투라 카운티 퓨전,1367
RC 셀타 비고 B,1368
RCD 에스파뇰 B,1369
더비 카운티,1370
무아이다르 SC,1371
타예레스 데 코르도바,1372
프로 베르첼리,1373
인디펜디엔테 메데인,1374
레자나,1375
스팔,1376
구아라틴게타,1377
후딕스발스 FF,1378
릴레스트룀 SK,1379
푼타레나스 FC,1380
FC 아로카,1381
핼리팩스 타운,1382
웨이머스 FC,1383
데스나 체르니히우,1384
CD 우트레라,1385
뉴캐슬 유나이티드,1386
알사드,1387
안데를레흐트,1388
에스비에르 fB,1389
HNK 고리차,1390
헤젠시,1391
스포르트 보이스,1392
헤타페 CF,1393
LAFC,1394
FC 미트윌란,1395
TSV 1860 뮌헨,1396
레알 바야돌리드 B,1397
아메리카 미네이루,1398
킬마녹,1399
클루브 아틀레티코 투바라오,1400
시애틀 사운더스,1401
레인저스,1402
CD 코브레살,1403
오사수나,1404
볼레렌가,1405
AC 벨라리아 IM ,1406
미네르벤,1407
베이징 런허 FC,1408
젬플린 미할로우체,1409
SC 프라이부르크,1410
히버니언,1411
서울신탁은행,1412
제노아,1413
쿠네오,1414
부르캉브레스 01,1415
아르카 그디니아,1416
발랑시엔 FC,1417
쿠마시 아산테 코토코 FC,1418
AS 모나코,1419
CD 바다호스,1420
사우스캐롤라이나 게임콕스,1421
요코하마 F. 마리노스,1422
NK 마르소니아 슬라본스키 브로드,1423
디나모 드레스덴,1424
아메리카 데 칼리,1425
리에르세,1426
벨레넨세스 SAD,1427
뷔르츠부르거 키커스,1428
제네라시옹 풋,1429
LDU 키토,1430
산투안드레,1431
SV 하위전,1432
브레이다블리크 코파보귀르,1433
새너제이 어스퀘이크,1434
충주 험멜 FC,1435
레지나,1436
피냘노벤스,1437
스파르타 로테르담,1438
에인드라흐트 알스트,1439
콜럼버스 크루,1440
ASK 호아리촌,1441
칼리아리,1442
FC 하트랜드,1443
창저우 슝스,1444
노스컷 시티 SC,1445
탄다 로얄 줄루 FC,1446
파리 생제르맹,1447
게벨레 FK,1448
회가보리 BK,1449
플로라 탈린,1450
제주 유나이티드,1451
FC 옴니보를트,1452
GKS 야스트솅비에,1453
FC 08 홈부르크,1454
폴커크,1455
스탕다르 리에주,1456
FC 에먼,1457
오페라리우 페호비아리우 이스포르치 클루비,1458
BSK 보르차,1459
SV 아우어슈마허,1460
쇼난 벨마레,1461
CD 카스테욘,1462
클럽 브루게,1463
레알 오비에도,1464
ABC,1465
플라멩구,1466
오렌지 카운티 SC,1467
미네소타 유나이티드 FC,1468
AD 알코르콘,1469
느그리슴빌란 FA,1470
올덤 애슬레틱,1471
터버모어 유나이티드,1472
ASO 슐레프,1473
동커스터 로버스,1474
하포엘 아크레,1475
아메리카누 FC,1476
아틀레티코 마드리드,1477
에누구 레인저스 인터내셔널,1478
아바이,1479
레알 소시에다드,1480
SV 샨드하우젠 II,1481
라피트 빈,1482
CE 사바델 FC,1483
루메차네,1484
아틀레티코 산루케뇨 ,1485
FC 바이에른 뮌헨 II,1486
페렌츠바로시 TC,1487
CD 레가네스,1488
아라과 FC,1489
엠폴리,1490
카라자베이 벨레디예스포르,1491
앨더숏 타운,1492
하포엘 크파르사바,1493
보투포랑겐시,1494
서튼 유나이티드,1495
바넷,1496
우니베르시다드 데 산마르틴 데 포레스,1497
포지본시,1498
PSV,1499
SV 에퍼,1500
티그레스 데라 UANL,1501
스포르팅 CP U-23,1502
FC 로스토프,1503
피사,1504
로트바이스 알렌,1505
비르투스 엔텔라,1506
페레스 셀리돈,1507
1. FSV 마인츠 05,1508
비첸자,1509
입스위치 타운,1510
디종 FCO,1511
베네벤토,1512
이스트렐라 아마도라,1513
RCD 마요르카,1514
알트노르두 FK,1515
밀턴킨즈 던스,1516
캔자스시티 위저즈,1517
포르탈레자,1518
크루 알렉산드라,1519
산토스 라구나,1520
클루브 올림포 바이아 블랑카,1521
보아비스타,1522
CA 사르미엔토,1523
오스만르스포르,1524
AC 삼보니파체제,1525
US 아브랑슈,1526
라쿠프 쳉스트호바,1527
카푸에 셀틱 FC,1528
FC 샤프하우젠,1529
트란미어 로버스,1530
오스본 파크 갈렙,1531
울버햄프턴 원더러스,1532
강릉시청,1533
LOSC 릴,1534
알이티파크,1535
SC 파더보른 07,1536
CR 아틀레치쿠 카탈라누,1537
즈린스키 모스타르,1538
EN 토이 라카타미아스,1539
주이시 길드,1540
가지안테프 FK,1541
인천 유나이티드,1542
멜버른 시티,1543
FC 산타 콜로마,1544
프레쥐스 생라파엘,1545
알비렉스 니가타,1546
CD 톨레도,1547
인테르나치오날 쿠르테아 데 아르제슈,1548
안코나,1549
NK 리예카,1550
파타야 유나이티드 FC,1551
상하이 하이강,1552
CD 코브렐로아,1553
오미야 아르디자,1554
벨리소이 IL,1555
스포르트,1556
퀼메스,1557
FC 비젤라,1558
히우 아브,1559
1. FC 카이저슬라우테른,1560
클루브 아틀레티코 인디펜디엔테,1561
스타드 말레르브 캉,1562
1. FC 뉘른베르크 II,1563
하포엘 브엘세바,1564
그로세토,1565
차이쿠르 리제스포르,1566
파말리캉,1567
카타르 SC,1568
치바스 USA,1569
호로야 AC,1570
에미리트 클럽,1571
엔비하도 FC,1572
아브하 클럽,1573
뢰멀,1574
보루시아 묀헨글라트바흐,1575
아틀레치쿠 소로카바,1576
싱하 치앙그라이 유나이티드,1577
첸나이 FC,1578
FK 우스티나트라벰,1579
우디네세,1580
브라가,1581
크리스털 팰리스,1582
헤이스 & 에딩 유나이티드,1583
스토크 시티,1584
인테르 데 마드리드 DUX,1585
랏차부리 미트르 폴 FC,1586
번리,1587
포레스 메카닉스,1588
노샘프턴 타운,1589
알아라비,1590
젤레즈니차르 사라예보,1591
CD 엘 팔로,1592
FK 포드브레조바,1593
아키사르스포르,1594
RNK 스플리트,1595
라보트니치키 스코페,1596
마리노 데 루앙코,1597
몬차,1598
룰레타노 DC,1599
아스케르 포트발,1600
AO 트리칼라 ,1601
베르더 브레멘 II,1602
코통 스포르 가루아,1603
포를리 ,1604
오르후스 GF,1605
UD 라스팔마스,1606
오호드 클럽,1607
FC 지롱댕 보르도,1608
아메리카,1609
브리스톨 로버스,1610
피아첸차,1611
우니베르시다드 카톨리카,1612
1. FC 쾰른 II,1613
세인트루이스 시티 SC,1614
샤힌 부시르 FC,1615
파흐타코르,1616
그레미우 바루에리,1617
스톡스브리지 파크 스틸스,1618
FK 슬로보다 우지체,1619
US 불로뉴,1620
루도고레츠 라즈그라드,1621
오사수나 프로메사스,1622
FC 마이애미 시티,1623
로아소 구마모토,1624
에스페랑스 튀니스,1625
오첼룰 갈라치,1626
브레시아,1627
알리아 FK,1628
FC 아라우,1629
카슴파샤 SK,1630
토네르 디아보메 FC,1631
데포르티보 메를로,1632
벨렌,1633
바르짐,1634
레드불 잘츠부르크,1635
아리스 테살로니키,1636
원저우 프로방스 FC,1637
뉴잉글랜드 레볼루션,1638
FC 도르드레흐트,1639
샤흐타르 도네츠크,1640
코르도바 B,1641
바바자르스 파티 카라귐뤼크 SK,1642
프라포트 TAV 안탈랴스포르,1643
레알 우니온 이룬,1644
클뢰브 아프리캉,1645
ENPPI,1646
이스포르치 클루비 상벤투,1647
마이애미 FC,1648
파네톨리코스 FC,1649
알비노레페,1650
애들레이드 유나이티드,1651
메탈루르흐 도네츠크,1652
데포르테스 뉴뇨아,1653
멜가르 FBC,1654
IFK 말뫼,1655
페어필드 스택스,1656
두클라 프라하,1657
가젤레크 아작시오,1658
블랙번 로버스,1659
아마란트FC,1660
트리에스티나,1661
베이징 궈안 탤런트 싱가포르 FC,1662
레알 마드리드,1663
NK 인터블록 류블랴나,1664
볼턴 원더러스,1665
트라파니,1666
아레초,1667
경남 FC,1668
NK 오시예크,1669
엘자이시,1670
아르세날 데사란디,1671
SV 마터스부르크,1672
애크링턴 스탠리,1673
아틀란테,1674
텔퍼드 유나이티드,1675
고 어헤드 이글스,1676
테라모,1677
레바디아코스,1678
코르도바 CF,1679
에스테그랄 테흐란,1680
파나차이키 FC,1681
노스 텍사스 SC,1682
FC 안양,1683
퓨니크 예레반,1684
르망 FC B,1685
구아야킬 시티,1686
장쑤 쑤닝 FC,1687
FC 의정부,1688
PEC 즈볼러,1689
솔 데 아메리카,1690
저장 FC,1691
파리 FC,1692
산타 클라라,1693
디나모 키이우,1694
차이낫 혼빌 FC,1695
우니앙 바르바렌시,1696
카를스루어 SC,1697
블랙풀,1698
가와사키 프론탈레,1699
라스 로자스 CF,1700
티부로네스 로호스 데 베라크루스,1701
플루미넨세,1702
카노 필러스 FC,1703
포츠머스,1704
SC 바스티아,1705
미들즈브러,1706
스페치아,1707
셸본 FC,1708
에트니코스 피레아스,1709
이시아 와지,1710
겐츨레르비를리,1711
시카고 파이어 FC,1712
보루시아 도르트문트,1713
SV 바커 부르크하우젠,1714
상 베르나르두 FC,1715
이란자반 FC,1716
도쿠시마 보르티스,1717
BFC 듀나모,1718
파나티나이코스 FC,1719
바르셀로나 SC 과야낄,1720
토론토 링스,1721
디에겜 스포르트,1722
란치아노,1723
유르고르덴 IF,1724
알이티하드 칼바,1725
1. FK 프르지브람,1726
해봉,1727
요빌 타운,1728
레사,1729
상하이 선화,1730
베팀,1731
베스테로스 SK,1732
고이아네시아 EC,1733
드라바 프투이,1734
시오니 볼니시,1735
톈진 진먼후,1736
FC 리모네,1737
세레즈 CD,1738
부다페스트 혼베드,1739
CD 페이렌스,1740
티튜스 페탄쥐,1741
ND 고리차,1742
아인트라흐트 프랑크푸르트,1743
우한 FC,1744
ADO 덴하흐,1745
올리베이렌스,1746
메탈루르기 루스타비,1747
가시마 앤틀러스,1748
페호비아리아,1749
CA 바스티아,1750
헤라클레스 알멜로,1751
다롄 프로축구단,1752
이로니 라마트-하샤론,1753
토리노,1754
FC 흐라데츠크랄로베,1755
오이펜,1756
가요스 블랑코스 데 케레타로,1757
데니즐리스포르,1758
아노르토시스 파마구스타 FC,1759
FC 리부른,1760
CD 똘레도,1761
풀럼,1762
그라나다 CF B,1763
CF 몽레알,1764
오스트리아 루스테나오,1765
카라카스 FC,1766
UD 라스 팔마스 B,1767
FC 루앙,1768
SSV 마르크란슈태트,1769
