season_name,season_pk
UP,246
EBS,251
MC,237
OTW,218
BWC,272
21UCL,260
2012KH,247
22KFA,293
NTG,249
21TOTS,250
20UCL,242
CFA,254
BTB,256
19UCL,221
CAP,252
BOE21,253
GR,210
TT,207
SPL,270
LN,268
22TOTN,259
21KLB,257
22TOTY,258
21TOTN,241
22HR,261
21NG,262
FA,264
LOL,265
WC22,273
22TOTS,267
RMCF,274
ICON,101
NHD,201
TKI,202
TB,206
TC,214
18TOTY,212
MCFC,297
19TOTS,215
COC,217
19TOTY,211
LH,234
MCICON,213
HOT,216
20TOTN,222
19NG,219
20TOTY,220
20TOTS,230
TKL,225
VTR,231
MOG,233
LA,236
20NG,238
20KLB,239
21TOTY,240
21KFA,294
2019KFA,295
2018KFA,298
