club_name,club_pk
브장송 RC,0001
고 어헤드 이글스,0002
그레미우 바루에리,0003
포츠머스,0004
댈러스 번 ,0005
리보르노,0006
퀸스 파크,0007
프레우문드,0008
두클라 프라하,0009
에누구 레인저스 인터내셔널,0010
SV 잔트하우젠,0011
서울 유나이티드,0012
스타베크 포트발,0013
물루디아 올랭피크 드 베자이아,0014
하버뷰,0015
헤멜 헴스테드,0016
CA 사카테페크,0017
바이엘 04 레버쿠젠,0018
크라코비아,0019
케르키라 ,0020
세스타오 리버 클럽,0021
아치리알레,0022
멜버른 시티,0023
AC 아작시오,0024
주앵빌,0025
IFK 헤슬레홀름,0026
알이티파크,0027
브렌트퍼드,0028
IFK 예테보리,0029
파타야 유나이티드 FC,0030
요코하마 FC,0031
알파이하,0032
FC 이스트르,0033
티그레,0034
쿠마시 아산테 코토코 FC,0035
알나스르,0036
UMF 셀포스,0037
용 아약스,0038
고이아스,0039
이란자반 FC,0040
오에스치,0041
엘모카울룬 알아랍,0042
슬라비아 소피아,0043
FC 빌 1900,0044
위다드 AC 카사블랑카,0045
CE 마타로,0046
데포르티보 사프리사,0047
장춘 야타이,0048
카르파티 리비우,0049
에비앙 FC,0050
우니베르시다드 데 산마르틴 데 포레스,0051
데리 시티,0052
페나폴렌세,0053
그림즈비 타운,0054
옥스퍼드 유나이티드,0055
마이애미 퓨전,0056
보스턴 미닛맨,0057
에르츠게비르게 아우에,0058
클럽 티후아나,0059
브네이 예후다 텔 아비브,0060
켐니처 FC,0061
이스트 파이프,0062
나폴리 FC,0063
아스케르 포트발,0064
디암바스 FC,0065
NK 첼레,0066
1. FC 카이저슬라우테른 II,0067
모어컴,0068
AS 셰르부르,0069
FC 리퍼링,0070
가이나레 돗토리,0071
FC 사부르탈로,0072
SC 라인도르프 알타흐,0073
아비스파 후쿠오카,0074
올덤 애슬레틱,0075
비르통,0076
NK 자다르,0077
스테일리브리지,0078
릴레스트룀 SK,0079
GKS 야스트솅비에,0080
니알라 콴 SA,0081
BEC 테로 사사나,0082
베르더 브레멘,0083
레알 소시에다드 B,0084
FC 보토샤니,0085
레드불 브라질,0086
키에티,0087
르망 FC,0088
즈린스키 모스타르,0089
카베제 1919,0090
디나모 키이우 II,0091
인디 일레븐,0092
HJK 헬싱키,0093
다마쉬 길란,0094
베팀,0095
SC 캄뷔르,0096
FC 이스마닝,0097
PEC 즈볼러,0098
레체,0099
코로나 키엘체,0100
물루디아 샤비아 알제,0101
스포르팅 CP U-23,0102
1. FC 뉘른베르크 II,0103
벨리소이 IL,0104
안데를레흐트,0105
CD 올리바이스 모스카비드,0106
쿠리치바,0107
바넷,0108
바르베리 BoIS FC,0109
엔비하도 FC,0110
맨체스터 시티,0111
에버턴,0112
트로펜스,0113
보스톤 리버,0114
바일레 볼클루브,0115
첼트넘 타운,0116
피사,0117
디오슈죄리 VTK,0118
WSG 티롤,0119
알타무라,0120
올랴넨스,0121
이타구이 레오네스 FC,0122
로코모티브 모스크바,0123
륑뷔 BK,0124
반즐리,0125
FC 로스토프,0126
사우샘프턴,0127
오스트리아 빈,0128
셀타 비고,0129
노샘프턴 타운,0130
SV 슈트라스바엘첸,0131
아카데미카,0132
휴스턴 다이너모,0133
프레스턴 노스 엔드,0134
FC 안양,0135
니키 볼로스,0136
볼프스베르거 AC,0137
AFC 윔블던,0138
해봉,0139
요코하마 플뤼겔스,0140
베르가모 칼초,0141
톰벤시,0142
울산 현대미포조선,0143
토론토 FC,0144
타예레스 레메디오스 데 에스칼라다,0145
사우스포트,0146
브리스톨 로버스,0147
에스투디안테스 데라플라타,0148
오드 BK,0149
시드니 FC,0150
산타 마리아 FC,0151
SAS 에피날,0152
1. FSV 마인츠 05 II,0153
나시오나우 FC MG,0154
칼리아리,0155
토린세,0156
데포르테스 뉴뇨아,0157
FC 마르티그,0158
피아첸차,0159
트롬쇠 IL,0160
데포르티보 말도나도,0161
베이징 런허 FC,0162
부리람 유나이티드,0163
MSV 뒤스부르크,0164
피터버러 유나이티드,0165
뇌샤텔 크사막스 FCS,0166
UD 알메리아,0167
LKS 고칼고프스-즈드로이,0168
V-파렌 나가사키,0169
아인트라흐트 브라운슈바이크,0170
KFC 위르딩엔 05,0171
샌안토니오 선더,0172
AZ,0173
오르후스 GF,0174
아흐마트 그로즈니,0175
마테라,0176
저지 익스프레스 SC,0177
아벨리노,0178
로아소 구마모토,0179
청두 룽청,0180
RCD 에스파뇰 B,0181
피오렌티나,0182
1. FC 자르브뤼켄,0183
뉴욕 레드불스 II,0184
그라스호퍼 클럽 취리히,0185
스테아우아 부쿠레슈티,0186
AC 밀란,0187
에스키셰히르스포르,0188
시그마 올로모우츠,0189
홀슈타인 킬,0190
파오크 FC,0191
토론토 링스,0192
FSV 프랑크푸르트,0193
파네톨리코스 FC,0194
FC 피나르 델 리오,0195
VfL 보훔,0196
FK 추카레츠키,0197
타코마 데피안세,0198
FC 리부른,0199
알야르무크,0200
안지 마하치칼라,0201
충주시민축구단,0202
알비노레페,0203
함부르크 SV,0204
앨프리턴 타운,0205
RC 겡크,0206
코모 1907,0207
산 루이스,0208
FC 미트윌란,0209
산티아고 원더러스,0210
올레순 FK,0211
라드니치키 니시,0212
알이스마일리,0213
우니온 데 드엘라,0214
양주시민축구단,0215
베야 비스타,0216
슬라이고 로버스,0217
FC 푸네 시티,0218
피닉스 아카데미,0219
충남 아산 축구단,0220
RC 데포르티보,0221
NK 보니피카 이졸라,0222
에버딘,0223
CD 코브레살,0224
La U 우니베르시따리오스,0225
비아레조,0226
밀월,0227
해로 버러 FC,0228
CA 세로,0229
인디펜디엔테 메데인,0230
데펜소르 스포르팅,0231
호세 갈베스 FBC,0232
시오니 볼니시,0233
나스타치,0234
FC 지롱댕 보르도,0235
LKS 로츠 ,0236
SD 우에스카,0237
세르탕지뉴 FC,0238
로마 FC,0239
SC 파렌스,0240
와이카토 FC,0241
플라이어알람 아드미라,0242
오덴세 BK,0243
CD 팔레스티노,0244
CD 누만시아,0245
마르살라 칼초,0246
CD 레가네스,0247
레바디아코스,0248
파울리스타,0249
FC 메랭,0250
FC 소쇼 몽벨리아르,0251
콜럼버스 크루,0252
세레즈 CD,0253
FK 테플리체,0254
인테르나치오날 쿠르테아 데 아르제슈,0255
코크 시티,0256
네스비 볼드클루브,0257
산투추 FC,0258
치타델라,0259
보루시아 도르트문트 II,0260
CD 테네리페,0261
알가라파 SC,0262
페나롤 아틀레치쿠 클루비,0263
스트룀스고세 톱포트발,0264
메디폴 바샥셰히르,0265
모지미링,0266
라요 바예카노 B,0267
오스트리아 루스테나오,0268
ASO 슐레프,0269
ES 메탈라우이,0270
그레미우,0271
길링엄,0272
헤타페 B,0273
CD 똘레도,0274
데펜사 이후스티시아,0275
SSV 마르크란슈태트,0276
FC 메스,0277
라쿠프 쳉스트호바,0278
TuS 코블렌츠,0279
브라이턴 호브 앨비언,0280
후딕스발스 FF,0281
치앙마이 유나이티드,0282
FRC 세랭,0283
헤타페 CF,0284
스타드 렌,0285
화성 FC,0286
그바르디아 코샬린,0287
슈투름 그라츠,0288
에트니코스 피레아스,0289
알리안사 아틀레티코 데 수야나,0290
올랭피크 알레스,0291
로보스 B.U.A.P,0292
레알 아빌라 CF,0293
카스텔람마레 디스타비아,0294
비토리아 세투발,0295
FC 샤프하우젠,0296
바이킹 FK,0297
인천 유나이티드,0298
FC 포르투 B,0299
FC 오버노일란트,0300
바니크 오스트라바,0301
FK 보되/글림트,0302
괴즈테페,0303
슈루즈베리 타운,0304
CD 톤델라,0305
바바자르스 파티 카라귐뤼크 SK,0306
FC 그라핀 블라심,0307
이스탄불스포르,0308
메이드스톤 유나이티드,0309
메탈루르기 루스타비,0310
TSV 1860 뮌헨 II,0311
뮐리코스켄 팔로 -47,0312
CMS 오이셀,0313
AS 모나코,0314
클루브 우니베르시타리오 데 데포르테스,0315
폰테 프레타,0316
파슬리 셀틱,0317
충주 험멜 FC,0318
클라우세넹엔 FK,0319
러시든 & 다이아몬즈,0320
아카데미쿠 비제우,0321
보헤미안스 프라하,0322
데포르티보 알라베스,0323
ADO 덴하흐,0324
양평 FC,0325
티튜스 페탄쥐,0326
PRS 풋볼 클루브,0327
AFC 본머스,0328
쇠네르위스케,0329
HNK 리예카,0330
매카서 FC,0331
샤힌 부시르 FC,0332
나프레다크 크루셰바츠,0333
셰리프 티라스폴,0334
LAFC,0335
KSK 베베런,0336
볼클루벤 1893,0337
FC 괴뇽,0338
반포레 고후,0339
웨스트 브로미치 앨비언,0340
무아이다르 SC,0341
글로스터 시티,0342
히버니언,0343
뉴포트 카운티,0344
FC 신시내티,0345
트리에스티나,0346
오첼룰 갈라치,0347
비테서,0348
서울 이랜드,0349
첼시,0350
FC 샬케 04 II,0351
콜체스터 유나이티드,0352
NK 올림피야 류블랴나,0353
요코하마 F. 마리노스,0354
푼타레나스 FC,0355
바스쿠 다 가마,0356
CD 나시오날,0357
몬테비데오 원더러스,0358
캘리포니아 서프 ,0359
위컴 원더러스,0360
창원 FC ,0361
델리 다이너모스 FC,0362
우라와 레드 다이아몬즈,0363
주니어 비엘레제 리베르타스,0364
비소치나 이흘라바,0365
아우스트리아 케른텐,0366
프로그레슐 부카레스트 ,0367
알하젬,0368
구아라칭게타 풋볼 Ltda.,0369
콰라 유나이티드,0370
ATK 풋볼 클럽,0371
MFK 루좀베로크,0372
1. FC 뉘른베르크,0373
스포르툴 스투덴체스크,0374
클럽 데포르테스 테무코,0375
AC 삼보니파체제,0376
선전 FC,0377
온세 칼다스,0378
구비오,0379
제노아,0380
포레스 메카닉스,0381
FC 키아소,0382
CA 비제르틴,0383
FC 툰,0384
FK 벨레즈 모스타,0385
BFC 듀나모,0386
리베르풀 풋볼 클루브 우루과이,0387
에스토릴,0388
믈라도스트 포드고리차,0389
레사,0390
NK BSK 비엘로 브르도,0391
SV 호른 ,0392
랏차부리 미트르 폴 FC,0393
웰링 유나이티드,0394
아인트라흐트 프랑크푸르트,0395
플리머스 아가일,0396
엘나시오날,0397
실롱스크 브로츠와프,0398
로더럼 유나이티드,0399
UD 로그로녜스,0400
디나모 키이우,0401
티로 페데랄 아르헨티노,0402
루흐 호르초프,0403
회가보리 BK,0404
부다페스트 혼베드,0405
브레시아,0406
IFK 노르셰핑,0407
로스앤젤레스 아즈텍스,0408
CFR 클루지,0409
미들즈브러,0410
론드리나,0411
그레미오 노보리존티노,0412
알라에드,0413
타예레스 데 코르도바,0414
FK 라드니치키 베오그라드,0415
데포르티보 타치라,0416
팔케 마르크트 슈바벤,0417
스포르트 우앙카요,0418
홋카이도 콘사돌레 삿포로,0419
NK 인터블록 류블랴나,0420
슬라벤 벨루포 코프리브니차,0421
SC 프라이부르크,0422
워킹턴,0423
알힐랄,0424
UJA 마카비 파리 메트로폴,0425
홍콩 레인저스,0426
FK 콜루바라 라자레바츠,0427
퍼스 글로리,0428
월솔,0429
아틀레티코 셀라야,0430
보헤미언스,0431
레인저스,0432
AC 알카네넨세,0433
CF 몬테레이,0434
렌띠스따스,0435
페스카라,0436
라스 로자스 CF,0437
대전 하나 시티즌,0438
카자 피아 AC,0439
아틀레티코 미네로 마투카나,0440
루턴 타운,0441
광주 FC,0442
1. FC 쾰른,0443
레알 바야돌리드,0444
반 OC,0445
하포엘 텔아비브,0446
피아스트 글리비체,0447
히베이랑,0448
레알 우니온 이룬,0449
1. FC 카이저슬라우테른,0450
부퍼탈러 SV,0451
페로 카릴 오에스테,0452
센트랄 에스파뇰,0453
우니베르시다드 데 콘셉시온,0454
비야레알 CF,0455
우이페슈트 FC,0456
가와사키 프론탈레,0457
1. FC 쾰른 II,0458
클루브 아틀레티코 아틀란타,0459
CA 바스티아,0460
RC 셀타 비고 B,0461
알자지라,0462
뉴잉글랜드 레볼루션,0463
링컨 시티,0464
에버턴 유스팀,0465
배로 AFC,0466
파라나,0467
세인트조지스 SC,0468
뽀뗀자,0469
레반테 UD B,0470
TSV 노이마르크트,0471
쿠웨이트,0472
리즈 유나이티드,0473
데포르티보 모론,0474
전북 현대 모터스,0475
우니온 라칼레라,0476
바이엘 레버쿠젠 II,0477
워킹,0478
크루제이루,0479
판트라키코스 FC 코모티니,0480
가고시마 유나이티드,0481
아리스 테살로니키,0482
FC 고아,0483
토론토 메트로스-크로아티아,0484
페르십 반둥,0485
SC 미란델라,0486
CD 비냐수르,0487
OGC 니스,0488
라싱 데 코르도바,0489
FC 낭트,0490
BSK 보르차,0491
고도이 크루스,0492
던도크 FC,0493
아틀레티쿠 파렌세,0494
꼬르 빠칸 클럽,0495
NK 유나크 신,0496
에미리트 클럽,0497
루메차네,0498
보라츠 카자츠,0499
서울신탁은행,0500
샤르자 SC,0501
빗베스트 비츠 FC,0502
네칵사,0503
오사수나 프로메사스,0504
구아라틴게타,0505
VfL 보훔 II,0506
폴리스 테로 FC,0507
TSV 1860 뮌헨,0508
알아흘리,0509
슬로반 브라티슬라바,0510
시에나,0511
투르 FC,0512
루파 로마,0513
FK 포드브레조바,0514
살레르니타나,0515
필라델피아 유니언,0516
ABC,0517
FC 코펜하겐,0518
엑셀 무크롱,0519
세레뇨,0520
김해시청,0521
요크 시티,0522
마리노 데 루앙코,0523
탄다 로얄 줄루 FC,0524
HNK 고리차,0525
에스비에르 fB,0526
도치기 SC,0527
스토크 시티,0528
CA 사르미엔토,0529
덜리치 햄릿,0530
절러에게르세기 TE,0531
카르피,0532
헤리퍼드 유나이티드,0533
볼로냐,0534
알비렉스 니가타,0535
아틀레티코 CP,0536
경주 한국수력원자력,0537
카탈레 도야마,0538
골 FC,0539
NA 후세인 데이,0540
헐 시티,0541
샤토루,0542
보이보디나 노비사드,0543
코크 셀틱,0544
이로니 라마트-하샤론,0545
알아흘리 두바이,0546
켐벨타운,0547
코니아스포르,0548
리넨세,0549
FC 댈러스,0550
알베르카,0551
셀라야 FC,0552
산마리노 칼초,0553
AS 생프리에스트,0554
ASK 호아리촌,0555
세르클러 브루게,0556
서튼 유나이티드,0557
떼꼬스,0558
로스 카운티,0559
오클랜드 시티,0560
힘나시아 이에스그리마 라플라타,0561
충칭 량장 징지,0562
체스터필드,0563
루도고레츠 라즈그라드,0564
보카 주니어스,0565
김천 상무,0566
FC 도쿄,0567
체세나,0568
아메리카 미네이루,0569
수원 FC,0570
아우트-헤버를레이 뢰번,0571
이투아누,0572
엑스트레마두라 UD,0573
터버모어 유나이티드,0574
알레마니아 아헨,0575
선덜랜드,0576
하노버 96,0577
GD 샤베스,0578
아트로미토스,0579
클루브 아틀레티코 데 산루이스,0580
아틀레치쿠 소로카바,0581
루이빌 시티 FC,0582
FK 야고디나,0583
블랙풀,0584
KGHM 자그웽비에 루빈,0585
웰링턴 피닉스,0586
비스와 프워츠크,0587
레알 베티스,0588
레반테 UD,0589
SL 벤피카,0590
제니트,0591
데포르티보 칼리,0592
레알 따말레 유나이티드,0593
웨스턴 시드니 원더러스,0594
테라모,0595
FK 스렘,0596
비토리아 SC,0597
루셀라러,0598
크리시우마,0599
아틀레티코 마드리드,0600
GD 투어리젠세,0601
베이징 궈안 탤런트 싱가포르 FC,0602
PFC CSKA 모스크바,0603
AGOVV 아펠도른,0604
악차아바트 세바츠스포르,0605
셸본 FC,0606
아떼나스 데 싼 까를로스,0607
FC 로잔-스포르,0608
OFI 크레테,0609
벨라시차 GC (옛 이름),0610
KVC 베스테를로,0611
맨체스터 유나이티드,0612
히우 아브,0613
페루자,0614
에인드라흐트 알스트,0615
UD 라스팔마스,0616
죄네스 스포르티브 마디네트 티아레,0617
알트노르두 FK,0618
프라토,0619
바르셀로나 B,0620
우라칸,0621
UD 오라다다,0622
RKC 발비크,0623
헨즈포드,0624
RC 랑스,0625
브라간치누,0626
글로리아 비스트리차,0627
MFK 비트코비체,0628
구르니크 자브제,0629
보타포고 - SP,0630
AO  테르프시데아 글리파다스,0631
LOSC 릴,0632
유르고르덴 IF,0633
가지안테프 FK,0634
오드라 오폴레,0635
EC 비토리아,0636
AC 빌라 메이아,0637
유벤투스,0638
인버네스 CT,0639
데미르 그룹 시바스스포르,0640
로케런,0641
칼라일 유나이티드,0642
AS 칸,0643
FC 옴니보를트,0644
FC 올렉산드리야,0645
부자스포르,0646
펠게이라스,0647
로센보르그 BK,0648
가시와 레이솔,0649
세비야 아틀레티코,0650
SV 샨드하우젠 II,0651
루앙-퀴조,0652
포트로더데일 스트라이커스,0653
웨스트 햄 유나이티드,0654
장쑤 쑤닝 FC,0655
샤페코엔시,0656
SV 아우어슈마허,0657
스포팅 KC,0658
아브니르 스포르티프 베지에,0659
NK 자그레브,0660
브레이다블리크 코파보귀르,0661
FC 하트랜드,0662
CE 사바델 FC,0663
ND 고리차,0664
발랑시엔 FC,0665
칭다오 FC,0666
파주시민축구단,0667
무앙통 유나이티드,0668
NK 흐르바츠키 드라고볼랴츠,0669
산조반네제 1927,0670
샌안토니오 FC,0671
포블라 데 마푸메트 CF,0672
NK 카를로바츠 1919,0673
알바세테 발롬피에,0674
IF 엘프스보리,0675
SD 폰페라디나,0676
FK 아스타나,0677
MSP 샤모투이,0678
콜로라도 래피즈,0679
키더민스터 해리어스,0680
볼턴 원더러스,0681
파나차이키 FC,0682
아폴론 리마솔,0683
구이저우 헝펑 FC,0684
IFK 클락샴,0685
프로시노네,0686
보라츠 차차크,0687
프라포트 TAV 안탈랴스포르,0688
외스테르순드 FK,0689
HFC 하를럼,0690
포천시민축구단,0691
그라나다 CF B,0692
KV 오스텐더,0693
샌디에고 사커스,0694
알사일리야 SC,0695
FK 사바일,0696
헤보르도자 AC,0697
토트넘 홋스퍼,0698
텔퍼드 유나이티드,0699
베네치아,0700
베르더 브레멘 II,0701
FC 의정부,0702
바르타 포즈난,0703
레알 무르시아 CF,0704
젤레즈니차르 사라예보,0705
FC 리모네,0706
크레모네세,0707
이스트렐라 아마도라,0708
뉴얼스 올드보이스,0709
SpVgg 운터하힝,0710
우니앙 바르바렌시,0711
FC 우파,0712
FK 제문,0713
님 올랭피크,0714
헤르타 BSC II,0715
CD 오'히긴스,0716
프레쥐스-생-라파엘 FC,0717
ASM 벨포르,0718
바이에른 뮌헨,0719
VfL 볼프스부르크,0720
란치아노,0721
포르투나 뒤셀도르프,0722
부르사스포르,0723
세르베트 FC,0724
시카고 파이어 프리미어,0725
포자,0726
우니베르시다드 카톨리카,0727
인데펜디엔테 델 바예,0728
카노 필러스 FC,0729
FC 루체른,0730
반피엘드,0731
CA 플라텐세,0732
알파이살리,0733
보스턴 유나이티드,0734
RS 베르칸,0735
미요나리오스 FC,0736
쿠마시 레인보우 FC,0737
ST. 미렌,0738
주이시 길드,0739
쇼난 벨마레,0740
NK 오시예크,0741
디나모 자그레브,0742
오자스쿠 아우다스 상파울루,0743
올랜도 파이리츠,0744
MKE 앙카라귀쥐,0745
지로나 FC,0746
벤투라 카운티 퓨전,0747
아리스 리마쏠,0748
이뻬르졸라,0749
바르짐,0750
FC 브로요프카 브르노,0751
에스투디안테스 데 리오 꾸아르또,0752
데포르티보 무니시팔,0753
말라반,0754
포르투게자,0755
AC 아를 아비뇽,0756
CD 나시오날 데 엘렉트리코스,0757
마리티무,0758
아르세날 데사란디,0759
노팅엄 포리스트,0760
바슬란트-베베런,0761
라드니츠키 크라구예바츠,0762
FC 산타 콜로마,0763
오호드 클럽,0764
밀턴킨즈 던스,0765
FK 젤레즈니크,0766
아미앵 SC,0767
비르투스 엔텔라,0768
잠셰드풀 FC,0769
LASK,0770
프레스냐 모스크바,0771
FC 볼룬따리,0772
산토스 라구나,0773
알샤말,0774
세인트 존스턴,0775
SV 쥘터 바레험,0776
CD 알칼라,0777
샤무아 니오르테 FC,0778
트라브존스포르,0779
알샤하니아,0780
상하이 하이강,0781
FC 취리히,0782
마사틀란 풋볼 클럽,0783
CD 팔렌시아 크리스토 아틀레티코,0784
라누스,0785
마니사스포르,0786
애스턴 빌라,0787
공군 축구단,0788
FC 폴렌담,0789
몰데 FK,0790
우니온 아틀레티코 마라카이보,0791
퀸 오브 더 사우스 ,0792
FC 아우크스부르크,0793
FK 라드,0794
클루브 유니아 미카에렌세,0795
레나테,0796
블랙번 로버스,0797
FC 로리앙,0798
아바이,0799
SC 브레겐츠,0800
TSV 하르트베르크,0801
알아인 FC,0802
오스트리아 잘츠부르크,0803
센트럴코스트 매리너스,0804
카라카스 FC,0805
젬플린 미할로우체,0806
로데스 아베롱 풋볼,0807
세아라,0808
제주 유나이티드,0809
에르쿨레스 CF,0810
KV 코르트레이크,0811
야네로스 FC,0812
오렌지 카운티 SC,0813
해번트 워털루빌,0814
CS 스팍시앵,0815
카펜베르크 SV,0816
강원 FC,0817
스완지 시티,0818
산토스 FC,0819
NEC 네이메헌,0820
미에치 레그니차,0821
창저우 슝스,0822
FC 트벤터,0823
울산 현대,0824
FUS 라밧,0825
도라도 데 시나로아,0826
페닉스,0827
세인트루이스 시티 SC,0828
FK 추카리치키,0829
라요 마하다온다,0830
르망 FC B,0831
요빌 타운,0832
FK 슬로보다 우지체,0833
FC 라흐티,0834
클루브 우니베르시다드 나시오날,0835
조랴 루한시크,0836
브리스톨 시티,0837
카푸에 셀틱 FC,0838
엑셀시오르 로테르담,0839
레알 소시에다드,0840
알아흘리 SC,0841
HNK 시베니크,0842
옵틱 라테나우,0843
산토스,0844
알아인,0845
퓨니크 예레반,0846
데스나 체르니히우,0847
인터나시오날,0848
풀럼,0849
쿠네오,0850
톰 톰스크,0851
FC 장크트파울리,0852
우니앙 자 마데이라,0853
와리 울브스 FC,0854
그라처 AK,0855
빠에드 리나미스꼰드,0856
페호비아리아,0857
알타이,0858
 AD 카보프리엔세,0859
애크링턴 스탠리,0860
SV 마터스부르크,0861
애들레이드 유나이티드,0862
오스본 파크 갈렙,0863
프레드릭스타 FK,0864
클루브 올림포 바이아 블랑카,0865
기레순스포르,0866
파라두 AC,0867
사간 도스,0868
아카데미스크 BK,0869
베이라마르,0870
푸체키오,0871
ES 프리마베라,0872
버밍엄 시티,0873
키치 스포츠 클럽,0874
산타 클라라,0875
FC 흘루친,0876
레이숑이스,0877
레드불 잘츠부르크,0878
스트라돔 쳉스토호바,0879
아스트라 지우르지우,0880
에시하 발롬피에 ,0881
TSV 하벨세,0882
RC 레크레아티보,0883
레흐 포즈난,0884
KS 베사 카바여,0885
올림피아 아순시온,0886
알아라비,0887
우아치파토 FC,0888
피게이렌세,0889
카라자베이 벨레디예스포르,0890
퀵 보이즈,0891
CF 인디오스 시우다드 후아레스,0892
데게르포르스 IF,0893
포르데노네,0894
에르지예스포르,0895
클럽 스포르티보 세르지피,0896
갈라타사라이 SK,0897
알라이얀,0898
파도바,0899
빅토리아 아셰픈부르크,0900
하포엘 아풀라,0901
FK 바니크 소콜로프,0902
아우닥스 이탈리아노,0903
뉴욕 시티 FC,0904
마르쿠,0905
BK 헤켄,0906
VVV-벤로,0907
스포르트 우니앙 신트렌스,0908
로코모티프 타슈켄트,0909
마카비 하이파,0910
톈진 진먼후,0911
바리,0912
FC 즐라테모라우체,0913
SV 베헨 비스바덴,0914
마카비 텔아비브,0915
IF 림함 분케플로,0916
CD 엘 팔로,0917
아브르 AC,0918
예니 말라탸스포르,0919
라싱 클루브 데 몬테비데오,0920
코제일리스포르,0921
FK 차슬라프,0922
헤젠시,0923
파워 다이나모스 FC,0924
CD 바다호스,0925
보루시아 도르트문트,0926
외스테르스 IF,0927
레알 무르시아 임뻬리알,0928
스포르팅 크리스탈,0929
아메리카누 FC,0930
스타드 말레르브 캉,0931
노바라,0932
그레시아,0933
빌라노바 FC,0934
데포르티보 메를로,0935
하포엘 크파르사바,0936
아틀레티코 마드리드 B,0937
아타카슈 하타이스포르,0938
구르니크 웽치나,0939
AS 드래곤스 FC 드 이오엠,0940
TS 갤럭시 FC,0941
천안시 축구단,0942
말라가 CF,0943
FC 르몽,0944
하이두크 스플리트,0945
랑공 FC,0946
뉴캐슬 제츠,0947
NK 노발랴,0948
UD 알메이라 B,0949
티그레스 데라 UANL,0950
찰스턴 배터리 ,0951
데스포르치부 브라질,0952
허난 쑹산 룽먼,0953
유카텔 카이세리스포르,0954
UD 살라망카 B,0955
ŁKS 우치,0956
IFK 말뫼,0957
디바 알푸자이라,0958
코르도바 B,0959
스타드 라발루아,0960
위건 애슬래틱,0961
웨이머스 FC,0962
라네르스 FC,0963
클루브 아틀레티코 투바라오,0964
툴루즈 FC,0965
헤르타 베를린,0966
보아 이스포르치,0967
FC 파싱,0968
상카에타누,0969
SC 프라이부르크 II,0970
CD 우트레라,0971
힘나시아 후후이,0972
레자나,0973
게벨레 FK,0974
페냐롤,0975
겐츨레르비를리,0976
LA 갤럭시,0977
아샨티골드 SC,0978
다마크 FC,0979
아메리카 데 칼리,0980
메탈루르흐 도네츠크,0981
뉴저지 아메리칸스,0982
도쿄 베르디,0983
랴오닝 훙윈,0984
CD 코브렐로아,0985
파흐타코르,0986
아스테라스 트리폴리,0987
플릿우드 타운,0988
GD 가파냐,0989
카슴파샤 SK,0990
스파르타크 탐보프,0991
FC 샬케 04,0992
가지안테프스포르,0993
디에겜 스포르트,0994
파비아,0995
레스터 시티,0996
데포르테스 톨리마,0997
GKS 트흐,0998
US 오를레앙,0999
테우타 두러스,1000
플루미넨세,1001
US 크레테이,1002
앙제 SCO,1003
SV 에퍼,1004
CD 테루엘,1005
코르도바 CF,1006
아틀라스,1007
아노르토시스 파마구스타 FC,1008
토리노,1009
FC 부뇨드코르,1010
라 아한,1011
FC 린츠,1012
산로렌소 데 알마그로,1013
파룰 콘스탄차,1014
흐비도우레,1015
캐롤라이나 다이너모,1016
로치데일,1017
CD 미란데스,1018
브리즈번 로어,1019
ESTAC 트루아,1020
파리 생제르맹,1021
성남 FC,1022
FC 에인트호번,1023
구아야킬 시티,1024
라벤나,1025
울버햄프턴 원더러스,1026
타우리야 심페로폴,1027
우니온 테무코,1028
베식타시 JK,1029
센트라우 SC,1030
옥스퍼드 시티,1031
바레세,1032
CR 벨루이즈다드,1033
퀼메스,1034
멜가르 FBC,1035
시미즈 에스펄스,1036
1. FC 우니온 베를린,1037
퀸스파크 레인저스,1038
라싱 산탄데르 B,1039
AIK,1040
보투포랑겐시,1041
포지본시,1042
우니앙 푸치볼 클루비,1043
우니베르시타리오 데 데포르테스 리마,1044
JS 카빌리,1045
우한 싼전,1046
보루시아 묀헨글라트바흐,1047
베리아 FC,1048
UD 라스 팔마스 B,1049
커쉬올더 SC,1050
교토 상가,1051
왓퍼드,1052
오사수나,1053
스타드 브레스트 29,1054
비스와 크라쿠프,1055
케비루앙 메트로폴,1056
싱하 치앙그라이 유나이티드,1057
하포엘 아크레,1058
인테르 자프레시치,1059
웨스턴 유나이티드 FC,1060
카디프 시티,1061
FC 장크트갈렌 1879,1062
레히아 그단스크,1063
파스타프 즐린,1064
마이애미 FC,1065
리치몬드 키커스,1066
레알 바야돌리드 B,1067
파말리캉,1068
트라시불로스 필리스,1069
FC 루가노,1070
FC 크라스노다르,1071
스파르타크 모스크바,1072
엘라스 베로나,1073
FK 륀,1074
룰레타노 DC,1075
미토 홀리호크,1076
테라사 CF,1077
노스이스트 유나이티드,1078
FK 야블로네츠,1079
SNK 무라,1080
AC 피렌체 론디넬라,1081
뷔르츠부르거 키커스,1082
토네르 디아보메 FC,1083
이스포르치 클루비 상벤투,1084
코린치안스,1085
스윈던 타운,1086
RC 파리,1087
FC 탈빌,1088
캐논 데 예운데,1089
아메리카,1090
D.C. 유나이티드,1091
우한 FC,1092
에스페랑스 튀니스,1093
핼리팩스 타운,1094
브뢴뷔 IF,1095
치펜햄 타운,1096
라티나,1097
세로 포르테뇨,1098
홈 유나이티드,1099
빅토리아 지슈코프,1100
CSKA 소피아,1101
FK 신젤리치 베오그라드,1102
포항 스틸러스,1103
HSV 바름베크-울렌호르스트,1104
오모니아 니코시아,1105
킬마녹,1106
보아비스타,1107
삼프도리아,1108
카디스 CF,1109
파트로나토,1110
카타니아,1111
부르고스 CF,1112
라에키다드,1113
FK 라드니치키 노바파조바,1114
노이카타로,1115
풋볼 클루브 후아레스,1116
CD 페이렌스,1117
코브 램블러스,1118
믈라도스트 루차니,1119
LDU 키토,1120
스포르트,1121
레알 가르실라소,1122
아미카 브론키,1123
KV 메헬런,1124
할름스타드 BK,1125
크루 알렉산드라,1126
글라드삭세 히어로,1127
빌바오 아틀레틱,1128
치바스 USA,1129
원저우 프로방스 FC,1130
파나티나이코스 FC,1131
산투안드레,1132
너니턴 타운,1133
부산교통공사,1134
알리안사 리마,1135
투룬 팔로세우라,1136
아스콜리,1137
레알 오비에도,1138
차이낫 혼빌 FC,1139
TSV 브라넨버그,1140
모레이렌스,1141
디나모 부쿠레슈티,1142
헬싱보리 IF,1143
빌라베르덴스 FC,1144
스페치아,1145
다겐햄,1146
1. FC 하이덴하임,1147
BSC 영보이스,1148
클루브 아틀레티코 알도시비,1149
FC 서울,1150
말뫼 FF,1151
볼레렌가,1152
더 흐라프스합,1153
올보르 BK,1154
스톡포트 카운티,1155
오미야 아르디자,1156
제네라시옹 풋,1157
클럽 브루게,1158
용인시청 축구단,1159
SSV 얀 레겐스부르크,1160
흐멜 블샤니,1161
HB Køge,1162
쟈코멘세,1163
데포르테스 이키케,1164
더비 카운티,1165
베네벤토,1166
SV 발트호프 만하임 07,1167
AC 벨라리아 IM ,1168
디나모 드레스덴,1169
테르나나,1170
당진시민축구단,1171
피닉스 라이징 FC,1172
코통 스포르 가루아,1173
FK 스렘치차,1174
그라나다 CF,1175
CF 푸엔라브라다,1176
빅토리아 플젠,1177
느그리슴빌란 FA,1178
알파테,1179
FC 흐로닝언,1180
보타포구,1181
모나르카스 모렐리아,1182
브레인트리 타운,1183
로니꼬스 FC,1184
부천 FC 1995,1185
뭄바이 시티 FC,1186
ASEC 미모자,1187
더스파구사쓰 군마,1188
시카고 파이어 FC,1189
CD 카스테욘,1190
모즐리,1191
MFK 두브니차,1192
엘체 CF,1193
반구,1194
인테르,1195
모투 클루브 지 상루이스,1196
VfR 알렌,1197
GD 인테르클루브,1198
루케제,1199
파수스 드 페헤이라,1200
다트포드,1201
CD 기후엘로,1202
만따 풋볼 클루브,1203
FC 덴보스,1204
VfB 슈투트가르트 II,1205
RNK 스플리트,1206
SFC 오파바,1207
함부르크 SV II,1208
FC 루앙,1209
탬파베이 라우디스,1210
다롄 프로축구단,1211
피찌게또네,1212
디나모 모스크바,1213
촐노모레츠 오뎃사,1214
VK 비에르데,1215
파리 FC,1216
유니오르 FC,1217
알타원,1218
MFK 코시체,1219
FC 포르투,1220
리가 데스포르티바 데 마푸토,1221
FK 베자니야,1222
FC 바젤 1893,1223
미네르벤,1224
VV 노르트베이크,1225
GIF 순스발,1226
알웨흐다,1227
UD 살라망카,1228
새크라멘토 리퍼블릭 FC,1229
벨레스 사르스피엘드,1230
뢰멀,1231
코벤트리 시티,1232
배스 시티,1233
바산 팔로세우라,1234
PSV,1235
호로야 AC,1236
파르마,1237
부산 아이파크,1238
바랑키야 FC,1239
포틀랜드 팀버스,1240
스파르타 로테르담,1241
포를리 ,1242
부두치노스트 포드고리차,1243
셰필드 유나이티드,1244
산타 크루즈,1245
인디펜디엔테 산타페,1246
호벨라 우즈호로드,1247
케임브리지 유나이티드,1248
프레쥐스 생라파엘,1249
노스 텍사스 SC,1250
CD 아우레라 비토리아,1251
레노파 야마구치,1252
윌밍턴 해머헤즈,1253
레기아 바르샤바,1254
후라 슈드,1255
스톡스브리지 파크 스틸스,1256
바니야스 SC,1257
AEL 리마솔,1258
아르카 그디니아,1259
토론토 FC II,1260
트로콰이 Utd.,1261
FK 우스티나트라벰,1262
FC 도르드레흐트,1263
비토리아,1264
KTP,1265
데포르티보 파스토,1266
파우메이라스,1267
사릅스보르그 08,1268
파니오니오스 FC,1269
모얼랜드 제브러스,1270
페네르바흐체 SK,1271
파티마,1272
AEK 아테네,1273
허더즈필드 타운,1274
종프코비아 종프키,1275
레알 SC,1276
아틀레티쿠 미네이루,1277
CD 비토리아,1278
파스 야니나,1279
그르노블 풋 38,1280
아마란트FC,1281
달링턴,1282
아르미니아 빌레펠트,1283
FC 헤브로스,1284
UE 미아푸에스타 빌라후이가,1285
렉섬 AFC,1286
셰필드 웬즈데이,1287
FC 위트레흐트,1288
AO 트리칼라 ,1289
비셀 고베,1290
가요스 블랑코스 데 케레타로,1291
바우반 스트라스부르크,1292
페레스 셀리돈,1293
데니즐리스포르,1294
FC 샹블리 우아즈,1295
리버풀,1296
드니프로 드니프로페트로우스크,1297
몬차,1298
FC 카르타헤나,1299
주빌로 이와타,1300
비야레알 B,1301
아틀레티코 우일라,1302
레드 스타 FC,1303
말라가 B,1304
브래드퍼드 시티,1305
F.C. 한자 로스토크,1306
알아달라 클럽,1307
SK 슬라비아 프라하,1308
EN 토이 라카타미아스,1309
목포시청,1310
NK 리예카,1311
레알 베티스 발롬피에 B,1312
키에보 베로나,1313
IF 브로마포이카르나,1314
고양 KH,1315
허베이 FC,1316
부르캉브레스 01,1317
던디 Utd.,1318
우디네세,1319
UD 레이리아,1320
NK 마르소니아 슬라본스키 브로드,1321
CD 레가네스 B,1322
사수올로,1323
샬럿 FC,1324
SD 에이바르,1325
UD 이비사,1326
츠르베나 즈베즈다,1327
그레미우 아나폴리스,1328
탐피코 마데로,1329
RCD 마요르카 B,1330
알미르 시티 FC,1331
FC 코페르,1332
코임브라 미나스제라이스,1333
알웨흐다트,1334
플라타니아스 FC,1335
다르다넬스포르 ,1336
알리아 FK,1337
메트로스타스,1338
광저우 FC,1339
FC 투겐,1340
치파 유나이티드 FC,1341
ENPPI,1342
AD 알코르콘,1343
알라니아스포르,1344
데포르티부 다스 아베스,1345
AA 아파레시덴세,1346
크루스 아술,1347
레딩,1348
벨그라노 데 코르도바,1349
드라바 프투이,1350
칼마르 FF,1351
올랭피크 리옹,1352
페나피엘,1353
보루시아 묀헨글라트바흐 II,1354
알사드,1355
우니베르시다드 세사르 바예호,1356
케터링 타운,1357
올랜도 시티 SC,1358
가시마 앤틀러스,1359
곰베 유나이티드 FC,1360
USM 엘하라시,1361
앙나방 갱강,1362
포르티모넨스 SC,1363
베갈타 센다이,1364
아브하 클럽,1365
FK 리가,1366
안산 그리너스 FC,1367
아틀레틱 클럽 빌바오,1368
데포르티보 에스파뇰,1369
오페라리우 페호비아리우 이스포르치 클루비,1370
프로 베르첼리,1371
토레스 칼초,1372
레알 스포르팅 히혼 B,1373
페어필드 스택스,1374
다누비오 FC,1375
함마르뷔 IF,1376
콜론,1377
리버 플레이트,1378
CR 아틀레치쿠 카탈라누,1379
SV 하위전,1380
바이아,1381
살게이루스,1382
이베르돈-스포르트 FC,1383
알이티하드 칼바,1384
알나스르 SC 두바이,1385
발렌시아 CF,1386
이라티 스포르트 클럽,1387
우라칸 발렌시아,1388
클루브 우니온 마그달레나 S.A,1389
발루르 레이캬비크,1390
후안 아우리치,1391
파프,1392
누오레제 칼초,1393
로즈부이 카토비체,1394
보루시아 노인키르헨,1395
뉴욕 레드불스,1396
피냘노벤스,1397
내슈빌 SC,1398
김포시민축구단,1399
FC 비토룰,1400
세바스토폴,1401
아틀란테,1402
카이저 치프스,1403
오이펜,1404
클루비 아틀레치쿠 파라나엔시 B,1405
노스컷 시티 SC,1406
SV 베스트팔리아 리네른,1407
우돈 타니 FC,1408
TPS 투르쿠,1409
예이트 타운,1410
이라클리스 FC,1411
델파 포르투 톨레,1412
리버풀 유스팀,1413
바라깔도 CF,1414
클루브 아틀레티코 인디펜디엔테,1415
알와흐다,1416
마두레이라 - RJ,1417
미네소타 유나이티드 FC,1418
사우스캐롤라이나 게임콕스,1419
알샤밥,1420
로다 JC 케르크라더,1421
SV 다름슈타트 98,1422
피스토이에세,1423
상 베르나르두 FC,1424
FC 빈터투어,1425
알이티하드,1426
보르스클라 폴타바,1427
FC 뮐루즈,1428
클뢰브 아프리캉,1429
FC 기후,1430
VfB 슈투트가르트,1431
NK 이스트라,1432
코린치앙스 알라고아누,1433
RCD 마요르카,1434
하포엘 브엘세바,1435
RCD 에스파뇰,1436
AC 벨린초나,1437
동커스터 로버스,1438
이파칭가 FC,1439
오라리아 AC,1440
인테르 데 마드리드 DUX,1441
던스터블 타운,1442
레이파스 라흐티,1443
레알 마드리드 C,1444
아라과 FC,1445
NK 마리보르,1446
레코,1447
체스터 시티,1448
산둥 타이산,1449
로사리오 센트랄,1450
폴커크,1451
카페탈레로스 데 치아파스,1452
아다나 데미르스포르,1453
뉴욕 코스모스,1454
전남 드래곤즈,1455
샬럿 인디펜던스,1456
FC 비젤라,1457
노던 퓨어리 FC,1458
크로토네,1459
판세라이코스,1460
FC 마이애미 시티,1461
FIU 팬터스,1462
수원 삼성 블루윙즈,1463
레알 사라고사,1464
스포르팅 히혼,1465
SL 벤피카 B,1466
하노버 96 II,1467
기라반츠 기타큐슈,1468
로트바이스 알렌,1469
과달라하라,1470
FC 흐라데츠크랄로베,1471
디종 FCO,1472
라피트 빈,1473
탬파베이 뮤터니,1474
NK 로코모티바 자그레브,1475
TSG 호펜하임,1476
세비야 FC,1477
CD 산 로케 데 레페,1478
플라멩구,1479
RB 라이프치히,1480
스토밀 올슈틴,1481
MŠK 질리나,1482
야기엘로니아 비야위스토크,1483
CS 에멜레크,1484
RC 스트라스부르,1485
시애틀 사운더스 FC 2,1486
솔 데 아메리카,1487
에스테그랄 테흐란,1488
CS 에레디아노,1489
FK 하이두크 쿨라,1490
FC 졸로투른,1491
FC 노르셸란,1492
실케보르 IF,1493
베리,1494
과라니,1495
강릉시청,1496
트라파니,1497
AS 생테티엔,1498
차이쿠르 리제스포르,1499
FC 벨케 메지르지치,1500
질 비센트 FC,1501
멜버른 빅토리,1502
감바 오사카,1503
아르헨티노스 주니어스,1504
FC 니트라,1505
라스베이거스 퀵실버스,1506
카시아스,1507
클루브 나시오날 데풋볼,1508
마게이트,1509
산 마르코스,1510
FC 류쿠,1511
CD 톨레도,1512
샤를루아,1513
SV 군타마틱 리트,1514
톨루카,1515
SV 링스,1516
새너제이 어스퀘이크,1517
브리즈번 라이언스,1518
신트-트라위던,1519
베스테로스 SK,1520
인터 마이애미 CF,1521
리에르세,1522
AA 겐트,1523
올리베이렌스,1524
RS 푸치볼,1525
레지나,1526
레알 솔트레이크,1527
광저우 시티,1528
스포르트 보이스,1529
블랙타운 시티,1530
트란미어 로버스,1531
애틀란타 유나이티드 FC,1532
도체스터 타운,1533
AJ 오세르,1534
도쿠시마 보르티스,1535
에히메 FC,1536
알코르 SC,1537
인스티투토 코르도바,1538
스컨소프 유나이티드,1539
노리치 시티,1540
프리 스테이트 스타스 FC,1541
코빌량,1542
헤라클레스 알멜로,1543
NK 돔잘레,1544
레퍼즈,1545
트락토르 클럽,1546
CS 스당,1547
과라팅구에타 풋보르 Ltda. (SP),1548
아스널,1549
세인트헬렌스 타운,1550
첸나이 FC,1551
푸에블라,1552
파르티잔 베오그라드,1553
치아파스 FC,1554
레알 라싱 클루브,1555
벨레넨세스 SAD,1556
SC 바스티아,1557
브뤼네 FK,1558
콘코르디아 누로프,1559
US 아브랑슈,1560
페렌츠바로시 TC,1561
헤이스 & 에딩 유나이티드,1562
K 베이르스호트 VA,1563
빌렘 II,1564
크리스털 팰리스,1565
게이츠헤드,1566
리미니,1567
CD 마샤케느,1568
LD 알라후에렌세,1569
AS 낭시,1570
산프레체 히로시마,1571
아약스,1572
발렌시아 메스타야,1573
폴리뇨,1574
노츠 카운티,1575
산드니스 Ulf,1576
삼베네데테제,1577
스타드 랭스,1578
클루브 데포르티보 과달라하라,1579
하트 오브 미들로디언,1580
AS 레알 바마코,1581
즈니치 프루슈쿠프,1582
아틀레티코 투쿠만,1583
경남 FC,1584
외르그뤼테 IS,1585
사마라,1586
란헤임 포트발,1587
라요 바예카노,1588
MVV 마스트리흐트,1589
FC 바이에른 뮌헨 II,1590
샤밥 알오르돈 알카디시야,1591
US 라온,1592
오이타 트리니타,1593
아나디아 FC,1594
메탈리스트 하르키우,1595
다롄 스더,1596
워싱턴 디플로매츠,1597
AFC 에스킬스투나,1598
CD 루고,1599
라티움,1600
입스위치 타운,1601
투비즈,1602
엘자이시,1603
샤흐타르 도네츠크,1604
바르셀로나 SC 과야낄,1605
팔켄베리 FF,1606
-,1607
대전 코레일 FC,1608
FK 소치,1609
AS 트렌친,1610
라보트니치키 스코페,1611
지르카 키로바라드,1612
FC 잉골슈타트 04,1613
포르투나 시타르트,1614
아키사르스포르,1615
SC 파더보른 07,1616
셀틱,1617
세레소 오사카,1618
드림즈 FC,1619
코킴보 우니도,1620
페예노르트,1621
카라레제,1622
아틀레티코 나시오날,1623
상하이 선화,1624
캔자스시티 위저즈,1625
벨렌,1626
OFK 베오그라드,1627
USMP,1628
우메오 FC,1629
트레비소,1630
NK 젤레즈니차르 슬라본스키 브로드,1631
FC 스타드-러자느 우쉬,1632
상 파울루,1633
옌볜 푸더,1634
SV 바커 부르크하우젠,1635
청주 시청 FC,1636
FC 08 홈부르크,1637
우니앙 드 토마르,1638
루빈 카잔,1639
저장 FC,1640
알카디시아,1641
클레르몽 풋 63,1642
FK 보츠도박,1643
Vfl 오스나브뤼크,1644
주벤투지,1645
앤트워프,1646
U 아메리카 FC,1647
케플라비크 IF,1648
포리스트 그린 로버스,1649
메탈루르흐 자포리자,1650
모데나,1651
방데 뤼송 풋볼,1652
슬로반 리베레츠,1653
FK 헤우게순,1654
AO 에피스코피 레심누,1655
스티버니지,1656
1461 트라브존,1657
고양 Hi FC,1658
스탕다르 리에주,1659
키커스 오펜바흐,1660
안코나,1661
1. FK 프르지브람,1662
SC 헤이렌베인,1663
아약스 케이프 타운,1664
SpVgg 그로이터 퓌르트,1665
페르세폴리스 FC,1666
가젤레크 아작시오,1667
알와슬,1668
대구 FC,1669
CF 페랄라다,1670
카부스코르프 SC,1671
하코아 아미다르 라마트간,1672
스팔,1673
NAC 브레다,1674
삼순스포르,1675
카스티야,1676
헤일조인 타운,1677
1. FSV 마인츠 05,1678
IFK 마리에함,1679
스포르팅 CP,1680
레알 마드리드,1681
비첸자,1682
티부로네스 로호스 데 베라크루스,1683
CD 안토파가스타,1684
브라가,1685
카타르 SC,1686
플로라 탈린,1687
엠폴리,1688
US 불로뉴,1689
고이아네시아 EC,1690
비제프 우치,1691
파추카,1692
시애틀 사운더스,1693
차카리타 주니어스,1694
아메리카 (리우데자네이루),1695
풀라드 FC,1696
탬워스,1697
브루나이 DPMM FC,1698
CS 우루과이,1699
그로세토,1700
오스만르스포르,1701
FC 아일렌부르크,1702
페르골레테제 1932,1703
레온,1704
포르탈레자,1705
고이아니엔세,1706
버턴 앨비언,1707
카를스루어 SC,1708
판두리 트르구지우,1709
올두스포르,1710
TP 마젬베,1711
라피드 부카레슈티 ,1712
버밍햄 리전,1713
마츠모토 야마가 FC,1714
뉴캐슬 유나이티드,1715
아뽈론 스미르니스,1716
엘라지스포르,1717
아다나스포르,1718
FC 시옹,1719
US 토르시 지오반,1720
CF 몽레알,1721
톈진 톈하이 FC,1722
오스틴 FC,1723
포 FC,1724
사모라 FC,1725
가퍼스 타운 AFC,1726
베이징 궈안,1727
레이튼 오리엔트,1728
불린 라이온스,1729
파자노 오카야마,1730
올림피아코스 CFP,1731
FC 바르셀로나,1732
츠에겐 가나자와,1733
스파르타 프라하,1734
FC 아라우,1735
찰턴 애슬레틱,1736
팔레르모,1737
후트닉 크라코프,1738
TSV 1860 하나우,1739
올랭피크 마르세유,1740
FC 파두츠,1741
아스칼스 디벨롭먼트 팀,1742
FC 아로카,1743
BSC 올드보이스 바젤,1744
FC 에먼,1745
이시아 와지,1746
트루로 시티,1747
아레초,1748
레 어비에제 VF,1749
밴쿠버 화이트캡스,1750
나고야 그램퍼스,1751
FK 파르티자니 티라나 ,1752
페헤바르 FC,1753
피츠버그 리버하운즈,1754
번리,1755
앨더숏 타운,1756
AA 카우덴시,1757
제프 유나이티드 이치하라,1758
FK 믈라다볼레슬라프,1759
아비롱 바욘,1760
J. 말루치엘리 푸트볼,1761
CD 바스코니아,1762
FC 빌뉴스,1763
방데 푸아레쉬르비 풋볼,1764
라싱 클루브 데 아베야네다,1765
몽펠리에 HSC,1766
알두하일,1767
만프레도니아,1768
아틀레티코 산루케뇨 ,1769
