nation,nation_pk
독일,001
스페인,002
벨기에,003
모로코,004
포르투갈,005
덴마크,006
브라질,007
이탈리아,008
나이지리아,009
카메룬,010
폴란드,011
아르헨티나,012
크로아티아,013
네덜란드,014
북아일랜드,015
프랑스,016
멕시코,017
핀란드,018
세르비아,019
일본,020
잉글랜드,021
아이슬란드,022
코스타리카,023
콜롬비아,024
스위스,025
세네갈,026
수리남,027
가나,028
페루,029
케이프베르디 제도,030
그리스,031
튀르키예,032
콩고 민주 공화국,033
가봉,034
스웨덴,035
우루과이,036
대한민국,037
헝가리,038
알제리,039
노르웨이,040
슬로베니아,041
오스트리아,042
알바니아,043
스코틀랜드,044
이집트,045
코트디부아르,046
슬로바키아,047
캐나다,048
체코,049
이란,050
부르키나파소,051
러시아,052
루마니아,053
웨일스,054
아일랜드,055
불가리아,056
우크라이나,057
미국,058
칠레,059
중국,060
쿠바,061
베네수엘라,062
사우디아라비아,063
남아프리카공화국,064
보스니아 헤르체고비나,065
파라과이,066
조지아,067
기니비사우,068
모잠비크,069
에콰도르,070
중앙아프리카 공화국,071
몬테네그로,072
기니,073
도미니카 공화국,074
코소보,075
말리,076
호주,077
잠비아,078
케냐,079
아르메니아,080
감비아,081
튀니지,082
카자흐스탄,083
자메이카,084
토고,085
북마케도니아,086
에스토니아,087
아이티,088
뉴질랜드,089
키프로스,090
우즈베키스탄,091
요르단,092
이스라엘,093
에티오피아,094
우간다,095
시에라리온,096
몰도바,097
코모로,098
퀴라소,099
룩셈부르크,100
온두라스,101
앙골라,102
몬세라트,103
괌,104
세인트 키츠 네비스,105
필리핀,106
짐바브웨,107
볼리비아,108
리히텐슈타인,109
아랍에미레이트,110
마다가스카르,111
적도 기니,112
이라크,113
엘살바도르,114
푸에르토리코,115
버뮤다,116
리비아,117
그레나다,118
콩고,119
페로 제도,120
몰타,121
베닌,122
나미비아,123
아제르바이잔,124
앤티가바부다,125
리투아니아,126
시리아,127
트리니다드 토바고,128
파나마,129
탄자니아,130
라이베리아,131
말레이시아,132
라트비아,133
파푸아 뉴 기니,134
북한,135
모리셔스,136
베트남,137
레바논,138
대만,139
아프가니스탄,140
부룬디,141
수단,142
가이아나,143
차드,144
태국,145
모리타니,146
지브롤터,147
벨라루스,148
홍콩,149
인도네시아,150
남수단,151
팔레스타인,152
싱가포르,153
과테말라,154
동티모르,155
상투메 프린시페,156
니제르,157
안도라,158
피지,159
오만,160
바레인,161
르완다,162
에리트레아,163
벨리즈,164
브루나이,165
뉴칼레도니아,166
