club_name,club_pk
브장송 RC,0001
고 어헤드 이글스,0002
그레미우 바루에리,0003
자말레크 SC ,0004
포츠머스,0005
댈러스 번 ,0006
리보르노,0007
퀸스 파크,0008
프레우문드,0009
두클라 프라하,0010
에누구 레인저스 인터내셔널,0011
SV 잔트하우젠,0012
할레셔 FC,0013
서울 유나이티드,0014
스타베크 포트발,0015
물루디아 올랭피크 드 베자이아,0016
이스틀리,0017
하버뷰,0018
헤멜 헴스테드,0019
CA 사카테페크,0020
바이엘 04 레버쿠젠,0021
크라코비아,0022
케르키라 ,0023
세스타오 리버 클럽,0024
로바니에미 PS,0025
아치리알레,0026
멜버른 시티,0027
AC 아작시오,0028
주앵빌,0029
IFK 헤슬레홀름,0030
알이티파크,0031
브렌트퍼드,0032
헬싱키 IFK,0033
IFK 예테보리,0034
파타야 유나이티드 FC,0035
요코하마 FC,0036
스파르타크 날치크,0037
알파이하,0038
FC 이스트르,0039
PFK 스탈 까미안스크,0040
티그레,0041
쿠마시 아산테 코토코 FC,0042
알나스르,0043
UMF 셀포스,0044
용 아약스,0045
고이아스,0046
로토브 볼고그라드,0047
이란자반 FC,0048
오에스치,0049
엘모카울룬 알아랍,0050
슬라비아 소피아,0051
수드티롤 ,0052
인테르 투르쿠,0053
FC 빌 1900,0054
위다드 AC 카사블랑카,0055
CE 마타로,0056
데포르티보 사프리사,0057
장춘 야타이,0058
카르파티 리비우,0059
에비앙 FC,0060
우니베르시다드 데 산마르틴 데 포레스,0061
데리 시티,0062
미라냔 지냑,0063
페나폴렌세,0064
그림즈비 타운,0065
빅뱅 출라 유나이티드,0066
옥스퍼드 유나이티드,0067
마이애미 퓨전,0068
보스턴 미닛맨,0069
에르츠게비르게 아우에,0070
클럽 티후아나,0071
브네이 예후다 텔 아비브,0072
켐니처 FC,0073
이스트 파이프,0074
나폴리 FC,0075
아스케르 포트발,0076
디암바스 FC,0077
NK 첼레,0078
1. FC 카이저슬라우테른 II,0079
모어컴,0080
AS 셰르부르,0081
FC 리퍼링,0082
SC 페를,0083
가이나레 돗토리,0084
FC 사부르탈로,0085
SC 라인도르프 알타흐,0086
아비스파 후쿠오카,0087
올덤 애슬레틱,0088
융실레 SK,0089
비르통,0090
NK 자다르,0091
스테일리브리지,0092
릴레스트룀 SK,0093
GKS 야스트솅비에,0094
니알라 콴 SA,0095
BEC 테로 사사나,0096
베르더 브레멘,0097
레알 소시에다드 B,0098
FC 보토샤니,0099
레드불 브라질,0100
메이클즈필드 타운,0101
키에티,0102
르망 FC,0103
센트루 스포르치부 알라고아누,0104
셰필드 FC,0105
즈린스키 모스타르,0106
카베제 1919,0107
디나모 키이우 II,0108
인디 일레븐,0109
HJK 헬싱키,0110
다마쉬 길란,0111
베팀,0112
SC 캄뷔르,0113
FC 이스마닝,0114
아르세날 툴라,0115
PEC 즈볼러,0116
레체,0117
코로나 키엘체,0118
물루디아 샤비아 알제,0119
스포르팅 CP U-23,0120
1. FC 뉘른베르크 II,0121
벨리소이 IL,0122
1. FC 슬로바츠코,0123
안데를레흐트,0124
CD 올리바이스 모스카비드,0125
쿠리치바,0126
바넷,0127
바르베리 BoIS FC,0128
엔비하도 FC,0129
맨체스터 시티,0130
탈라에아 엘 가이쉬,0131
에투알 스포르티브 뒤 사엘,0132
에버턴,0133
트로펜스,0134
보스톤 리버,0135
바일레 볼클루브,0136
첼트넘 타운,0137
피사,0138
디오슈죄리 VTK,0139
WSG 티롤,0140
알타무라,0141
올랴넨스,0142
이타구이 레오네스 FC,0143
로코모티브 모스크바,0144
륑뷔 BK,0145
반즐리,0146
SpVgg 바이로이트,0147
FC 로스토프,0148
AEK 라나카 FC,0149
사우샘프턴,0150
오스트리아 빈,0151
셀타 비고,0152
파틱 시슬,0153
우니온 산타페,0154
FC 바르셀로나 C,0155
노샘프턴 타운,0156
SV 슈트라스바엘첸,0157
아카데미카,0158
휴스턴 다이너모,0159
프레스턴 노스 엔드,0160
FC 안양,0161
니키 볼로스,0162
볼프스베르거 AC,0163
AFC 윔블던,0164
해봉,0165
요코하마 플뤼겔스,0166
베르가모 칼초,0167
톰벤시,0168
울산 현대미포조선,0169
토론토 FC,0170
타예레스 레메디오스 데 에스칼라다,0171
사우스포트,0172
브리스톨 로버스,0173
에스투디안테스 데라플라타,0174
헤르시오 루즈 FC,0175
오드 BK,0176
UE 야고스테라,0177
시드니 FC,0178
산타 마리아 FC,0179
SAS 에피날,0180
1. FSV 마인츠 05 II,0181
나시오나우 FC MG,0182
칼리아리,0183
토린세,0184
데포르테스 뉴뇨아,0185
FC 마르티그,0186
피아첸차,0187
FC 바이드호픈/Ybbs,0188
트롬쇠 IL,0189
데포르티보 말도나도,0190
베이징 런허 FC,0191
부리람 유나이티드,0192
CD 마프라,0193
MSV 뒤스부르크,0194
AD Os 리미아누스,0195
피터버러 유나이티드,0196
USM 알제,0197
뇌샤텔 크사막스 FCS,0198
UD 알메리아,0199
사이공 FC,0200
퍼스트 비엔나 FC,0201
LKS 고칼고프스-즈드로이,0202
V-파렌 나가사키,0203
아인트라흐트 브라운슈바이크,0204
KFC 위르딩엔 05,0205
샌안토니오 선더,0206
AZ,0207
오르후스 GF,0208
아흐마트 그로즈니,0209
마테라,0210
저지 익스프레스 SC,0211
상하이 선신,0212
아벨리노,0213
로아소 구마모토,0214
청두 룽청,0215
RCD 에스파뇰 B,0216
피오렌티나,0217
1. FC 자르브뤼켄,0218
뉴욕 레드불스 II,0219
ES 우제스,0220
그라스호퍼 클럽 취리히,0221
스테아우아 부쿠레슈티,0222
CF 빌라노벤쎄,0223
AC 밀란,0224
에스키셰히르스포르,0225
시그마 올로모우츠,0226
홀슈타인 킬,0227
파오크 FC,0228
토론토 링스,0229
FSV 프랑크푸르트,0230
파네톨리코스 FC,0231
SK 오스트리아 클라겐푸르트,0232
FC 피나르 델 리오,0233
VfL 보훔,0234
알리안사 페트롤레라 FC,0235
FK 추카레츠키,0236
타코마 데피안세,0237
FC 리부른,0238
알야르무크,0239
안지 마하치칼라,0240
충주시민축구단,0241
알비노레페,0242
함부르크 SV,0243
앨프리턴 타운,0244
RC 겡크,0245
코모 1907,0246
산 루이스,0247
FC 미트윌란,0248
흐루트 디엘비크,0249
산티아고 원더러스,0250
올레순 FK,0251
라드니치키 니시,0252
알이스마일리,0253
우니온 데 드엘라,0254
양주시민축구단,0255
베야 비스타,0256
슬라이고 로버스,0257
FC 푸네 시티,0258
디나모 바투미,0259
피닉스 아카데미,0260
충남 아산 축구단,0261
RC 데포르티보,0262
NK 보니피카 이졸라,0263
에버딘,0264
CD 코브레살,0265
La U 우니베르시따리오스,0266
비아레조,0267
밀월,0268
해로 버러 FC,0269
CA 세로,0270
인디펜디엔테 메데인,0271
데펜소르 스포르팅,0272
호세 갈베스 FBC,0273
데포르티보 알라베스 B,0274
시오니 볼니시,0275
나스타치,0276
FC 지롱댕 보르도,0277
LKS 로츠 ,0278
SD 우에스카,0279
FC 마리우폴,0280
클루브 아틀레티코 센트랄 코르도바,0281
세르탕지뉴 FC,0282
로마 FC,0283
SC 파렌스,0284
와이카토 FC,0285
로코모티브 칼루가,0286
플라이어알람 아드미라,0287
오덴세 BK,0288
CD 팔레스티노,0289
CD 누만시아,0290
마르살라 칼초,0291
CD 레가네스,0292
USJA 까르케퓨,0293
소콜 사라토프,0294
레바디아코스,0295
파울리스타,0296
FC 메랭,0297
FC 소쇼 몽벨리아르,0298
콜럼버스 크루,0299
세레즈 CD,0300
FK 테플리체,0301
인테르나치오날 쿠르테아 데 아르제슈,0302
코크 시티,0303
네스비 볼드클루브,0304
산투추 FC,0305
치타델라,0306
보루시아 도르트문트 II,0307
CD 테네리페,0308
알가라파 SC,0309
페나롤 아틀레치쿠 클루비,0310
스트룀스고세 톱포트발,0311
메디폴 바샥셰히르,0312
모지미링,0313
라요 바예카노 B,0314
오스트리아 루스테나오,0315
ASO 슐레프,0316
ES 메탈라우이,0317
그레미우,0318
길링엄,0319
헤타페 B,0320
CD 똘레도,0321
데펜사 이후스티시아,0322
SSV 마르크란슈태트,0323
FC 메스,0324
라쿠프 쳉스트호바,0325
TuS 코블렌츠,0326
브라이턴 호브 앨비언,0327
후딕스발스 FF,0328
치앙마이 유나이티드,0329
FRC 세랭,0330
유나이티드 취리히,0331
헤타페 CF,0332
스타드 렌,0333
화성 FC,0334
탄타 클럽 ,0335
그바르디아 코샬린,0336
엘 다킬리아 SC ,0337
슈투름 그라츠,0338
에트니코스 피레아스,0339
알리안사 아틀레티코 데 수야나,0340
올랭피크 알레스,0341
로보스 B.U.A.P,0342
레알 아빌라 CF,0343
카스텔람마레 디스타비아,0344
비토리아 세투발,0345
FC 샤프하우젠,0346
바이킹 FK,0347
인천 유나이티드,0348
FC 포르투 B,0349
FC 오버노일란트,0350
바니크 오스트라바,0351
포틀랜드 팀버스 2,0352
움살랄 SC ,0353
FK 보되/글림트,0354
괴즈테페,0355
슈루즈베리 타운,0356
CD 톤델라,0357
선전 펑펑,0358
FK 수두바,0359
빅토리아 코로노보,0360
AC 호르센스,0361
에크라나스 파네베지스,0362
바바자르스 파티 카라귐뤼크 SK,0363
FC 그라핀 블라심,0364
이스탄불스포르,0365
메이드스톤 유나이티드,0366
메탈루르기 루스타비,0367
TSV 1860 뮌헨 II,0368
뮐리코스켄 팔로 -47,0369
CMS 오이셀,0370
AS 모나코,0371
몬테비데오 시티 토르퀘,0372
라 비트리이엔 FC,0373
클루브 우니베르시타리오 데 데포르테스,0374
폰테 프레타,0375
파슬리 셀틱,0376
충주 험멜 FC,0377
클라우세넹엔 FK,0378
러시든 & 다이아몬즈,0379
아카데미쿠 비제우,0380
보헤미안스 프라하,0381
데포르티보 알라베스,0382
네프테히미크 니즈네캄스크,0383
ADO 덴하흐,0384
양평 FC,0385
티튜스 페탄쥐,0386
PRS 풋볼 클루브,0387
AFC 본머스,0388
쇠네르위스케,0389
HNK 리예카,0390
매카서 FC,0391
샤힌 부시르 FC,0392
나프레다크 크루셰바츠,0393
튀르크귀쥐 뮌헨,0394
라도미아크 라돔,0395
셰리프 티라스폴,0396
LAFC,0397
KSK 베베런,0398
볼클루벤 1893,0399
FC 괴뇽,0400
반포레 고후,0401
웨스트 브로미치 앨비언,0402
무아이다르 SC,0403
글로스터 시티,0404
히버니언,0405
FK 올림픽 사라예보 ,0406
뉴포트 카운티,0407
NK 루츠코,0408
FC 신시내티,0409
트리에스티나,0410
오첼룰 갈라치,0411
비테서,0412
서울 이랜드,0413
파이산두,0414
첼시,0415
FC 샬케 04 II,0416
일크스튼,0417
콜체스터 유나이티드,0418
NK 올림피야 류블랴나,0419
요코하마 F. 마리노스,0420
푼타레나스 FC,0421
케랄라 블래스터스 FC,0422
바스쿠 다 가마,0423
CD 나시오날,0424
몬테비데오 원더러스,0425
캘리포니아 서프 ,0426
위컴 원더러스,0427
창원 FC ,0428
델리 다이너모스 FC,0429
우라와 레드 다이아몬즈,0430
주니어 비엘레제 리베르타스,0431
비소치나 이흘라바,0432
아우스트리아 케른텐,0433
프로그레슐 부카레스트 ,0434
알하젬,0435
구아라칭게타 풋볼 Ltda.,0436
콰라 유나이티드,0437
ATK 풋볼 클럽,0438
MFK 루좀베로크,0439
호앙아인 잘라이,0440
1. FC 뉘른베르크,0441
스포르툴 스투덴체스크,0442
제이틴부르누스포르,0443
클럽 데포르테스 테무코,0444
AC 삼보니파체제,0445
선전 FC,0446
온세 칼다스,0447
구비오,0448
제노아,0449
SD 아모레비에타,0450
섐록 로버스,0451
로코모티브 프로디브,0452
체르노모레츠 노보로시스크,0453
포레스 메카닉스,0454
FC 키아소,0455
CA 비제르틴,0456
FC 툰,0457
FK 벨레즈 모스타,0458
BFC 듀나모,0459
리베르풀 풋볼 클루브 우루과이,0460
에스토릴,0461
믈라도스트 포드고리차,0462
레사,0463
NK BSK 비엘로 브르도,0464
SV 호른 ,0465
랏차부리 미트르 폴 FC,0466
웰링 유나이티드,0467
TJ 지스크라 도마즈리치,0468
아인트라흐트 프랑크푸르트,0469
플리머스 아가일,0470
엘나시오날,0471
실롱스크 브로츠와프,0472
로더럼 유나이티드,0473
UD 로그로녜스,0474
디나모 키이우,0475
티로 페데랄 아르헨티노,0476
마케도니아 요르체 페트로프,0477
루흐 호르초프,0478
회가보리 BK,0479
부다페스트 혼베드,0480
라푸안 비르키에,0481
브레시아,0482
IFK 노르셰핑,0483
로스앤젤레스 아즈텍스,0484
CFR 클루지,0485
미들즈브러,0486
론드리나,0487
가마타마레 사누키,0488
그레미오 노보리존티노,0489
알라에드,0490
타예레스 데 코르도바,0491
FK 라드니치키 베오그라드,0492
데포르티보 타치라,0493
팔케 마르크트 슈바벤,0494
스포르트 우앙카요,0495
홋카이도 콘사돌레 삿포로,0496
NK 인터블록 류블랴나,0497
슬라벤 벨루포 코프리브니차,0498
SC 프라이부르크,0499
사우스엔드 유나이티드,0500
워킹턴,0501
테르말리카,0502
알힐랄,0503
UJA 마카비 파리 메트로폴,0504
홍콩 레인저스,0505
FK 콜루바라 라자레바츠,0506
퍼스 글로리,0507
월솔,0508
CF 레우스 데포르티우,0509
아틀레티코 셀라야,0510
보헤미언스,0511
레인저스,0512
AC 알카네넨세,0513
CF 몬테레이,0514
렌띠스따스,0515
페스카라,0516
라스 로자스 CF,0517
대전 하나 시티즌,0518
광둥 FA,0519
카자 피아 AC,0520
아틀레티코 미네로 마투카나,0521
루턴 타운,0522
광주 FC,0523
1. FC 쾰른,0524
레알 바야돌리드,0525
반 OC,0526
하포엘 텔아비브,0527
피아스트 글리비체,0528
히베이랑,0529
레알 우니온 이룬,0530
1. FC 카이저슬라우테른,0531
부퍼탈러 SV,0532
페로 카릴 오에스테,0533
쿠반 크라스노다르,0534
센트랄 에스파뇰,0535
우니베르시다드 데 콘셉시온,0536
비야레알 CF,0537
우이페슈트 FC,0538
리얼 스포르트 클루브,0539
가와사키 프론탈레,0540
1. FC 쾰른 II,0541
클루브 아틀레티코 아틀란타,0542
CA 바스티아,0543
RC 셀타 비고 B,0544
알자지라,0545
뉴잉글랜드 레볼루션,0546
링컨 시티,0547
산시 우저우,0548
에버턴 유스팀,0549
배로 AFC,0550
FC U 크라이오바 1948,0551
파라나,0552
세인트조지스 SC,0553
뽀뗀자,0554
부르사 메리노스포르 ,0555
레반테 UD B,0556
IK 스타르트,0557
TSV 노이마르크트,0558
쿠웨이트,0559
리즈 유나이티드,0560
데포르티보 모론,0561
전북 현대 모터스,0562
우니온 라칼레라,0563
바이엘 레버쿠젠 II,0564
워킹,0565
크루제이루,0566
판트라키코스 FC 코모티니,0567
가고시마 유나이티드,0568
아리스 테살로니키,0569
FC 고아,0570
CD 라우디오,0571
NK 비노그라다르,0572
토론토 메트로스-크로아티아,0573
쓰라시요루스,0574
페르십 반둥,0575
SC 미란델라,0576
CD 비냐수르,0577
OGC 니스,0578
라싱 데 코르도바,0579
FC 낭트,0580
BSK 보르차,0581
카라바흐 FK,0582
CO 몬티조,0583
나흐바호르,0584
고도이 크루스,0585
던도크 FC,0586
아틀레티쿠 파렌세,0587
꼬르 빠칸 클럽,0588
NK 유나크 신,0589
슬로보다 투즐라,0590
핀 하프스,0591
에미리트 클럽,0592
루메차네,0593
FC 에네르기 코트부스,0594
보라츠 카자츠,0595
서울신탁은행,0596
샤르자 SC,0597
빗베스트 비츠 FC,0598
네칵사,0599
FC 볼가,0600
오사수나 프로메사스,0601
구아라틴게타,0602
파트리오타스 보야카,0603
VfL 보훔 II,0604
폴리스 테로 FC,0605
TSV 1860 뮌헨,0606
알아흘리,0607
슬로반 브라티슬라바,0608
시에나,0609
투르 FC,0610
루파 로마,0611
FK 포드브레조바,0612
살레르니타나,0613
필라델피아 유니언,0614
ABC,0615
아술 클라로 누마주,0616
FC 코펜하겐,0617
엑셀 무크롱,0618
베이징 엔터프라이즈,0619
세레뇨,0620
김해시청,0621
요크 시티,0622
마리노 데 루앙코,0623
탄다 로얄 줄루 FC,0624
HNK 고리차,0625
엘덴세,0626
에스비에르 fB,0627
도치기 SC,0628
스토크 시티,0629
CA 사르미엔토,0630
덜리치 햄릿,0631
절러에게르세기 TE,0632
카르피,0633
토르페도 모스크바,0634
헤리퍼드 유나이티드,0635
볼로냐,0636
알비렉스 니가타,0637
아틀레티코 CP,0638
경주 한국수력원자력,0639
카탈레 도야마,0640
무니시팔 라이베리아,0641
골 FC,0642
볼리바르,0643
NA 후세인 데이,0644
헐 시티,0645
샤토루,0646
보이보디나 노비사드,0647
코크 셀틱,0648
이로니 라마트-하샤론,0649
알아흘리 두바이,0650
켐벨타운,0651
코니아스포르,0652
리넨세,0653
송달 포트발,0654
FC 댈러스,0655
알베르카,0656
셀라야 FC,0657
올리비에이라 하스피탈 ,0658
산마리노 칼초,0659
AS 생프리에스트,0660
ASK 호아리촌,0661
세르클러 브루게,0662
서튼 유나이티드,0663
떼꼬스,0664
로스 카운티,0665
오클랜드 시티,0666
힘나시아 이에스그리마 라플라타,0667
충칭 량장 징지,0668
체스터필드,0669
루도고레츠 라즈그라드,0670
보카 주니어스,0671
김천 상무,0672
알타이 SK,0673
FC 도쿄,0674
아메리카 푸트볼 클루브(SP) ,0675
체세나,0676
아메리카 미네이루,0677
수원 FC,0678
아우트-헤버를레이 뢰번,0679
이투아누,0680
엑스트레마두라 UD,0681
터버모어 유나이티드,0682
알레마니아 아헨,0683
선덜랜드,0684
하노버 96,0685
가즈 메탄 메디아슈,0686
GD 샤베스,0687
아트로미토스,0688
클루브 아틀레티코 데 산루이스,0689
아틀레치쿠 소로카바,0690
루이빌 시티 FC,0691
FK 야고디나,0692
블랙풀,0693
KGHM 자그웽비에 루빈,0694
웰링턴 피닉스,0695
비스와 프워츠크,0696
레알 베티스,0697
레반테 UD,0698
SL 벤피카,0699
제니트,0700
데포르티보 칼리,0701
레알 따말레 유나이티드,0702
웨스턴 시드니 원더러스,0703
테라모,0704
FK 스렘,0705
비토리아 SC,0706
루셀라러,0707
크리시우마,0708
아틀레티코 마드리드,0709
GD 투어리젠세,0710
베이징 궈안 탤런트 싱가포르 FC,0711
외레브로 SK,0712
PFC CSKA 모스크바,0713
오볼론 키예프,0714
AGOVV 아펠도른,0715
악차아바트 세바츠스포르,0716
셸본 FC,0717
아떼나스 데 싼 까를로스,0718
FC 로잔-스포르,0719
OFI 크레테,0720
벨라시차 GC (옛 이름),0721
KVC 베스테를로,0722
맨체스터 유나이티드,0723
히우 아브,0724
페루자,0725
바이에른 알즈나우,0726
쿠웨이트 SC,0727
에인드라흐트 알스트,0728
UD 라스팔마스,0729
죄네스 스포르티브 마디네트 티아레,0730
알트노르두 FK,0731
프라토,0732
바르셀로나 B,0733
우라칸,0734
GD 벨렌세 ,0735
윔라니예스포르,0736
UD 오라다다,0737
RKC 발비크,0738
헨즈포드,0739
RC 랑스,0740
브라간치누,0741
글로리아 비스트리차,0742
MFK 비트코비체,0743
구르니크 자브제,0744
보타포고 - SP,0745
AO  테르프시데아 글리파다스,0746
LOSC 릴,0747
유르고르덴 IF,0748
가지안테프 FK,0749
오드라 오폴레,0750
EC 비토리아,0751
AC 빌라 메이아,0752
길레르모 브라운,0753
유벤투스,0754
IK 시리우스,0755
인버네스 CT,0756
데미르 그룹 시바스스포르,0757
로케런,0758
칼라일 유나이티드,0759
마멜로디 선다운즈,0760
AS 칸,0761
FC 옴니보를트,0762
FC 올렉산드리야,0763
쓰촨 FC,0764
부자스포르,0765
펠게이라스,0766
로센보르그 BK,0767
TNS 산산프라이드 FC,0768
가시와 레이솔,0769
세비야 아틀레티코,0770
SV 샨드하우젠 II,0771
루앙-퀴조,0772
포트로더데일 스트라이커스,0773
웨스트 햄 유나이티드,0774
장쑤 쑤닝 FC,0775
샤페코엔시,0776
세인트 패트릭스 애슬레틱,0777
SV 아우어슈마허,0778
스포팅 KC,0779
아브니르 스포르티프 베지에,0780
NK 자그레브,0781
브레이다블리크 코파보귀르,0782
FC 하트랜드,0783
루아얄 위니옹 생질루아즈,0784
CE 사바델 FC,0785
ND 고리차,0786
발랑시엔 FC,0787
칭다오 FC,0788
파주시민축구단,0789
무앙통 유나이티드,0790
NK 흐르바츠키 드라고볼랴츠,0791
산조반네제 1927,0792
인촨 허란산,0793
샌안토니오 FC,0794
포블라 데 마푸메트 CF,0795
TWL 일렉트라,0796
NK 카를로바츠 1919,0797
상트 살리프 케타 바마코,0798
알바세테 발롬피에,0799
IF 엘프스보리,0800
SD 폰페라디나,0801
FK 아스타나,0802
MSP 샤모투이,0803
콜로라도 래피즈,0804
키더민스터 해리어스,0805
볼턴 원더러스,0806
파나차이키 FC,0807
아폴론 리마솔,0808
구이저우 헝펑 FC,0809
IFK 클락샴,0810
프로시노네,0811
보라츠 차차크,0812
모르도비아 사란스크,0813
프라포트 TAV 안탈랴스포르,0814
외스테르순드 FK,0815
HFC 하를럼,0816
포천시민축구단,0817
솔퍼드 시티,0818
그라나다 CF B,0819
KV 오스텐더,0820
샌디에고 사커스,0821
알사일리야 SC,0822
FK 사바일,0823
헤보르도자 AC,0824
토트넘 홋스퍼,0825
텔퍼드 유나이티드,0826
베네치아,0827
베르더 브레멘 II,0828
FC 의정부,0829
바르타 포즈난,0830
씨마로네스 데 쏘로나,0831
레알 무르시아 CF,0832
젤레즈니차르 사라예보,0833
FC 리모네,0834
크레모네세,0835
이스트렐라 아마도라,0836
뉴얼스 올드보이스,0837
아스날 키이우,0838
SpVgg 운터하힝,0839
우니앙 바르바렌시,0840
FC 우파,0841
FK 제문,0842
님 올랭피크,0843
헤르타 BSC II,0844
CD 오'히긴스,0845
프레쥐스-생-라파엘 FC,0846
ASM 벨포르,0847
바이에른 뮌헨,0848
VfL 볼프스부르크,0849
란치아노,0850
포르투나 뒤셀도르프,0851
부르사스포르,0852
세르베트 FC,0853
시카고 파이어 프리미어,0854
포자,0855
우니베르시다드 카톨리카,0856
인데펜디엔테 델 바예,0857
카노 필러스 FC,0858
FC 루체른,0859
반피엘드,0860
CA 플라텐세,0861
알파이살리,0862
보스턴 유나이티드,0863
RS 베르칸,0864
FC 메밍엔,0865
RAA 루비에루아즈,0866
미요나리오스 FC,0867
쿠마시 레인보우 FC,0868
ST. 미렌,0869
주이시 길드,0870
FC 루스테나우,0871
쇼난 벨마레,0872
NK 오시예크,0873
디나모 자그레브,0874
오자스쿠 아우다스 상파울루,0875
올랜도 파이리츠,0876
페르세바야 수라바야,0877
MKE 앙카라귀쥐,0878
블라우-바이스 린츠,0879
지로나 FC,0880
주니오르 팀 푸트볼(PR) ,0881
IFK 베르나모,0882
벤투라 카운티 퓨전,0883
아리스 리마쏠,0884
이뻬르졸라,0885
바르짐,0886
FC 브로요프카 브르노,0887
에스투디안테스 데 리오 꾸아르또,0888
함캄,0889
데포르티보 무니시팔,0890
말라반,0891
포르투게자,0892
메르신 이드만 유르두,0893
AC 아를 아비뇽,0894
CD 나시오날 데 엘렉트리코스,0895
마리티무,0896
아르세날 데사란디,0897
노팅엄 포리스트,0898
아포엘 FC,0899
바슬란트-베베런,0900
라드니츠키 크라구예바츠,0901
FC 산타 콜로마,0902
오호드 클럽,0903
밀턴킨즈 던스,0904
FK 젤레즈니크,0905
유니버시타테아 크라이오바 ,0906
아미앵 SC,0907
비르투스 엔텔라,0908
마르세유 콩솔라,0909
잠셰드풀 FC,0910
LASK,0911
프레스냐 모스크바,0912
FC 볼룬따리,0913
산토스 라구나,0914
알샤말,0915
세인트 존스턴,0916
SV 쥘터 바레험,0917
CD 알칼라,0918
샤무아 니오르테 FC,0919
트라브존스포르,0920
알샤하니아,0921
상하이 하이강,0922
FC 취리히,0923
마사틀란 풋볼 클럽,0924
포르투나 뒤셀도르프 II,0925
CD 팔렌시아 크리스토 아틀레티코,0926
서울 TNT 핏투게더,0927
라누스,0928
마니사스포르,0929
NK 프리모라츠 스토브리치,0930
애스턴 빌라,0931
공군 축구단,0932
FC 폴렌담,0933
몰데 FK,0934
우니온 아틀레티코 마라카이보,0935
퀸 오브 더 사우스 ,0936
FC 아우크스부르크,0937
FK 라드,0938
클루브 유니아 미카에렌세,0939
레나테,0940
블랙번 로버스,0941
FC 로리앙,0942
카디시아 SC,0943
아바이,0944
SC 브레겐츠,0945
TSV 하르트베르크,0946
알아인 FC,0947
오스트리아 잘츠부르크,0948
센트럴코스트 매리너스,0949
카라카스 FC,0950
젬플린 미할로우체,0951
로데스 아베롱 풋볼,0952
세아라,0953
제주 유나이티드,0954
에르쿨레스 CF,0955
KV 코르트레이크,0956
야네로스 FC,0957
오렌지 카운티 SC,0958
해번트 워털루빌,0959
CS 스팍시앵,0960
AS 생-레미,0961
카펜베르크 SV,0962
강원 FC,0963
스완지 시티,0964
산토스 FC,0965
NEC 네이메헌,0966
미에치 레그니차,0967
창저우 슝스,0968
FC 트벤터,0969
울산 현대,0970
FUS 라밧,0971
도라도 데 시나로아,0972
페닉스,0973
세인트루이스 시티 SC,0974
FK 추카리치키,0975
라요 마하다온다,0976
엑시터 시티,0977
르망 FC B,0978
요빌 타운,0979
해러깃 타운,0980
FK 슬로보다 우지체,0981
VfB 올덴부르크,0982
FC 라흐티,0983
클루브 우니베르시다드 나시오날,0984
조랴 루한시크,0985
브리스톨 시티,0986
FK 니츠니 노브고로드,0987
카푸에 셀틱 FC,0988
텔스타,0989
엑셀시오르 로테르담,0990
레알 소시에다드,0991
알아흘리 SC,0992
HNK 시베니크,0993
옵틱 라테나우,0994
산토스,0995
알아인,0996
퓨니크 예레반,0997
데스나 체르니히우,0998
인터나시오날,0999
발라 타운,1000
풀럼,1001
쿠네오,1002
톰 톰스크,1003
FC 장크트파울리,1004
우니앙 자 마데이라,1005
와리 울브스 FC,1006
메이저우 케자,1007
그라처 AK,1008
빠에드 리나미스꼰드,1009
페호비아리아,1010
상하이 유나이티드,1011
알타이,1012
 AD 카보프리엔세,1013
애크링턴 스탠리,1014
SV 마터스부르크,1015
애들레이드 유나이티드,1016
오스본 파크 갈렙,1017
로트바이스 에센,1018
프레드릭스타 FK,1019
클루브 올림포 바이아 블랑카,1020
기레순스포르,1021
파라두 AC,1022
사간 도스,1023
아카데미스크 BK,1024
베이라마르,1025
푸체키오,1026
아인트라흐트 브라운슈바이크 II,1027
ES 프리마베라,1028
버밍엄 시티,1029
키치 스포츠 클럽,1030
던디 FC,1031
산타 클라라,1032
FC 흘루친,1033
레이숑이스,1034
레드불 잘츠부르크,1035
스트라돔 쳉스토호바,1036
아스트라 지우르지우,1037
에시하 발롬피에 ,1038
TSV 하벨세,1039
RC 레크레아티보,1040
레흐 포즈난,1041
KS 베사 카바여,1042
올림피아 아순시온,1043
알아라비,1044
우아치파토 FC,1045
피게이렌세,1046
카라자베이 벨레디예스포르,1047
퀵 보이즈,1048
CF 인디오스 시우다드 후아레스,1049
데게르포르스 IF,1050
포르데노네,1051
에르지예스포르,1052
클럽 스포르티보 세르지피,1053
갈라타사라이 SK,1054
알라이얀,1055
파도바,1056
빅토리아 아셰픈부르크,1057
하포엘 아풀라,1058
FK 바니크 소콜로프,1059
아우닥스 이탈리아노,1060
벤피카 카스텔로 브랑코,1061
뉴욕 시티 FC,1062
FC 안도라,1063
마르쿠,1064
BK 헤켄,1065
VVV-벤로,1066
스포르트 우니앙 신트렌스,1067
로코모티프 타슈켄트,1068
아메리카 FC,1069
마카비 하이파,1070
톈진 진먼후,1071
FC 모스크바 ,1072
바리,1073
FC 즐라테모라우체,1074
SV 베헨 비스바덴,1075
마카비 텔아비브,1076
IF 림함 분케플로,1077
CD 엘 팔로,1078
아브르 AC,1079
예니 말라탸스포르,1080
라싱 클루브 데 몬테비데오,1081
코제일리스포르,1082
FK 차슬라프,1083
헤젠시,1084
파워 다이나모스 FC,1085
CD 바다호스,1086
보루시아 도르트문트,1087
폰타나프레따,1088
외스테르스 IF,1089
레알 무르시아 임뻬리알,1090
스포르팅 크리스탈,1091
아메리카누 FC,1092
스타드 말레르브 캉,1093
노바라,1094
그레시아,1095
빌라노바 FC,1096
데포르티보 메를로,1097
하포엘 크파르사바,1098
아틀레티코 마드리드 B,1099
아타카슈 하타이스포르,1100
구르니크 웽치나,1101
AS 드래곤스 FC 드 이오엠,1102
TS 갤럭시 FC,1103
우한 광구,1104
천안시 축구단,1105
말라가 CF,1106
FC 르몽,1107
상하이 푸동 조본,1108
하이두크 스플리트,1109
에스포르티바 티라덴테스,1110
랑공 FC,1111
뉴캐슬 제츠,1112
NK 노발랴,1113
UD 알메이라 B,1114
티그레스 데라 UANL,1115
찰스턴 배터리 ,1116
데스포르치부 브라질,1117
허난 쑹산 룽먼,1118
아인트라크 트리에르,1119
유카텔 카이세리스포르,1120
UD 살라망카 B,1121
ŁKS 우치,1122
IFK 말뫼,1123
디바 알푸자이라,1124
코르도바 B,1125
스타드 라발루아,1126
호르헤 윌스떼르만,1127
위건 애슬래틱,1128
AE 파포스,1129
알-와크라,1130
웨이머스 FC,1131
라네르스 FC,1132
클루브 아틀레티코 투바라오,1133
툴루즈 FC,1134
헤르타 베를린,1135
보아 이스포르치,1136
FC 파싱,1137
상카에타누,1138
SC 프라이부르크 II,1139
CD 우트레라,1140
힘나시아 후후이,1141
SM 상가 발렌데 ,1142
레자나,1143
드로이다 유나이티드,1144
SC 사가미하라,1145
게벨레 FK,1146
페냐롤,1147
겐츨레르비를리,1148
LA 갤럭시,1149
아샨티골드 SC,1150
다마크 FC,1151
아메리카 데 칼리,1152
메탈루르흐 도네츠크,1153
FK 바른스도르프,1154
뉴저지 아메리칸스,1155
도쿄 베르디,1156
랴오닝 훙윈,1157
CD 코르랄리호,1158
CD 코브렐로아,1159
파흐타코르,1160
아스테라스 트리폴리,1161
플릿우드 타운,1162
GD 가파냐,1163
카슴파샤 SK,1164
스파르타크 탐보프,1165
FC 샬케 04,1166
가지안테프스포르,1167
디에겜 스포르트,1168
알바틴,1169
파비아,1170
레스터 시티,1171
데포르테스 톨리마,1172
GKS 트흐,1173
US 오를레앙,1174
테우타 두러스,1175
플루미넨세,1176
US 크레테이,1177
앙제 SCO,1178
SV 에퍼,1179
CD 테루엘,1180
코르도바 CF,1181
아틀라스,1182
아노르토시스 파마구스타 FC,1183
토리노,1184
FC 부뇨드코르,1185
라 아한,1186
FC 린츠,1187
AE 라리사,1188
산로렌소 데 알마그로,1189
파룰 콘스탄차,1190
흐비도우레,1191
캐롤라이나 다이너모,1192
로치데일,1193
CD 미란데스,1194
브리즈번 로어,1195
ESTAC 트루아,1196
파리 생제르맹,1197
성남 FC,1198
FC 에인트호번,1199
구아야킬 시티,1200
라벤나,1201
울버햄프턴 원더러스,1202
타우리야 심페로폴,1203
우니온 테무코,1204
베식타시 JK,1205
센트라우 SC,1206
옥스퍼드 시티,1207
바레세,1208
CR 벨루이즈다드,1209
퀼메스,1210
멜가르 FBC,1211
시미즈 에스펄스,1212
아파레시다 이스포르치 클루비,1213
1. FC 우니온 베를린,1214
퀸스파크 레인저스,1215
라싱 산탄데르 B,1216
AIK,1217
보투포랑겐시,1218
포지본시,1219
우니앙 푸치볼 클루비,1220
우니베르시타리오 데 데포르테스 리마,1221
JS 카빌리,1222
우한 싼전,1223
보루시아 묀헨글라트바흐,1224
베리아 FC,1225
UD 라스 팔마스 B,1226
US 레쥬 캅 페레,1227
커쉬올더 SC,1228
교토 상가,1229
FC 바커 인스브루크,1230
왓퍼드,1231
오사수나,1232
스타드 브레스트 29,1233
비스와 크라쿠프,1234
칭다오 중넝,1235
케비루앙 메트로폴,1236
메트로폴리타노 ,1237
ACS 폴리 티미쇼아라,1238
싱하 치앙그라이 유나이티드,1239
하포엘 아크레,1240
인테르 자프레시치,1241
웨스턴 유나이티드 FC,1242
카디프 시티,1243
FC 장크트갈렌 1879,1244
레히아 그단스크,1245
파스타프 즐린,1246
마이애미 FC,1247
리치몬드 키커스,1248
레알 바야돌리드 B,1249
파말리캉,1250
SV 슈베이하트,1251
트라시불로스 필리스,1252
FC 루가노,1253
FC 크라스노다르,1254
스파르타크 모스크바,1255
엘라스 베로나,1256
KAMAZ N. 첼니,1257
FK 륀,1258
룰레타노 DC,1259
미토 홀리호크,1260
테라사 CF,1261
노스이스트 유나이티드,1262
FK 야블로네츠,1263
SNK 무라,1264
AC 피렌체 론디넬라,1265
데브레체니 VSC,1266
뷔르츠부르거 키커스,1267
토네르 디아보메 FC,1268
이스포르치 클루비 상벤투,1269
코린치안스,1270
스윈던 타운,1271
RC 파리,1272
FC 탈빌,1273
캐논 데 예운데,1274
노스타 노보트로이츠크,1275
시드니 유나이티드,1276
미라마르 미씨오네스,1277
아메리카,1278
SV 메이너르센,1279
D.C. 유나이티드,1280
우한 FC,1281
에스페랑스 튀니스,1282
핼리팩스 타운,1283
브뢴뷔 IF,1284
치펜햄 타운,1285
라티나,1286
세로 포르테뇨,1287
바라칼도 CF,1288
비토리아 데 기마레스,1289
홈 유나이티드,1290
빅토리아 지슈코프,1291
CSKA 소피아,1292
FK 요나바,1293
CD 테네리페 B,1294
FK 신젤리치 베오그라드,1295
포항 스틸러스,1296
HSV 바름베크-울렌호르스트,1297
오모니아 니코시아,1298
킬마녹,1299
보아비스타,1300
삼프도리아,1301
카디스 CF,1302
파트로나토,1303
카타니아,1304
부르고스 CF,1305
라에키다드,1306
FK 라드니치키 노바파조바,1307
하보일 브네 사흐닌,1308
노이카타로,1309
FC 빅토리아 쾰른,1310
풋볼 클루브 후아레스,1311
CD 페이렌스,1312
코브 램블러스,1313
믈라도스트 루차니,1314
LDU 키토,1315
스포르트,1316
레알 가르실라소,1317
아미카 브론키,1318
KV 메헬런,1319
루비오 누,1320
할름스타드 BK,1321
크루 알렉산드라,1322
더글라스 하이그,1323
글라드삭세 히어로,1324
빌바오 아틀레틱,1325
치바스 USA,1326
원저우 프로방스 FC,1327
장시 롄성,1328
파나티나이코스 FC,1329
하노이 FC,1330
산투안드레,1331
너니턴 타운,1332
부산교통공사,1333
알리안사 리마,1334
투룬 팔로세우라,1335
아스콜리,1336
레알 오비에도,1337
차이낫 혼빌 FC,1338
TSV 브라넨버그,1339
모레이렌스,1340
디나모 부쿠레슈티,1341
헬싱보리 IF,1342
빌라베르덴스 FC,1343
DKS 도브레 미아스토,1344
스페치아,1345
다겐햄,1346
1. FC 하이덴하임,1347
BSC 영보이스,1348
클루브 아틀레티코 알도시비,1349
FC 서울,1350
말뫼 FF,1351
볼레렌가,1352
더 흐라프스합,1353
올보르 BK,1354
스톡포트 카운티,1355
오미야 아르디자,1356
제네라시옹 풋,1357
클럽 브루게,1358
페르시자 자카르타,1359
용인시청 축구단,1360
SSV 얀 레겐스부르크,1361
흐멜 블샤니,1362
HB Køge,1363
하따 클럽,1364
쟈코멘세,1365
데포르테스 이키케,1366
더비 카운티,1367
베네벤토,1368
SV 발트호프 만하임 07,1369
FC 블라디캅카스,1370
AC 벨라리아 IM ,1371
RC 아르바,1372
디나모 드레스덴,1373
테르나나,1374
UTA 아라드,1375
당진시민축구단,1376
피닉스 라이징 FC,1377
장쑤 옌청 딩리,1378
코통 스포르 가루아,1379
FK 스렘치차,1380
우니온 푀클라마르크트,1381
코센차,1382
그라나다 CF,1383
CF 푸엔라브라다,1384
빅토리아 플젠,1385
느그리슴빌란 FA,1386
알파테,1387
FC 흐로닝언,1388
자나코 FC,1389
보타포구,1390
쿨투랄 레오네사,1391
모나르카스 모렐리아,1392
브레인트리 타운,1393
로니꼬스 FC,1394
U.C.D,1395
부천 FC 1995,1396
뭄바이 시티 FC,1397
ASEC 미모자,1398
더스파구사쓰 군마,1399
시카고 파이어 FC,1400
CD 카스테욘,1401
모즐리,1402
퀴질쿰,1403
MFK 두브니차,1404
알 칼리즈,1405
엘체 CF,1406
반구,1407
인테르,1408
모투 클루브 지 상루이스,1409
마카라,1410
VfR 알렌,1411
DC 모테마 펨베 ,1412
FK 예르브,1413
GD 인테르클루브,1414
루케제,1415
파수스 드 페헤이라,1416
다트포드,1417
CD 기후엘로,1418
만따 풋볼 클루브,1419
FC 덴보스,1420
VfB 슈투트가르트 II,1421
RNK 스플리트,1422
SFC 오파바,1423
함부르크 SV II,1424
FC 루앙,1425
탬파베이 라우디스,1426
다롄 프로축구단,1427
머더웰,1428
피찌게또네,1429
디나모 모스크바,1430
촐노모레츠 오뎃사,1431
미엘뷔 AIF,1432
VK 비에르데,1433
파리 FC,1434
유니오르 FC,1435
하포엘 라아나나,1436
알타원,1437
MFK 코시체,1438
FC 포르투,1439
리가 데스포르티바 데 마푸토,1440
FK 베자니야,1441
푸스카스 아카데미아 FC,1442
FC 바젤 1893,1443
미네르벤,1444
VV 노르트베이크,1445
GIF 순스발,1446
알웨흐다,1447
크리스티안순 BK,1448
CSA - AL,1449
UD 살라망카,1450
새크라멘토 리퍼블릭 FC,1451
벨레스 사르스피엘드,1452
스파르타크 블라디카프카츠 ,1453
뢰멀,1454
몬테디오 야마가타,1455
코벤트리 시티,1456
배스 시티,1457
바산 팔로세우라,1458
PSV,1459
호로야 AC,1460
파르마,1461
부산 아이파크,1462
바랑키야 FC,1463
1. FC 마그데부르크,1464
포틀랜드 팀버스,1465
빅토리아 칼,1466
스파르타 로테르담,1467
포를리 ,1468
부두치노스트 포드고리차,1469
셰필드 유나이티드,1470
내몽골 중유,1471
산타 크루즈,1472
인디펜디엔테 산타페,1473
아라스 축구 협회,1474
호벨라 우즈호로드,1475
케임브리지 유나이티드,1476
앙카라 케시오렌구추,1477
빌라노바 AC,1478
프레쥐스 생라파엘,1479
노스 텍사스 SC,1480
CD 아우레라 비토리아,1481
레노파 야마구치,1482
윌밍턴 해머헤즈,1483
레기아 바르샤바,1484
후라 슈드,1485
스톡스브리지 파크 스틸스,1486
바니야스 SC,1487
AEL 리마솔,1488
아르카 그디니아,1489
토론토 FC II,1490
트로콰이 Utd.,1491
FK 우스티나트라벰,1492
FC 도르드레흐트,1493
비토리아,1494
KTP,1495
루흐 라지온코프,1496
데포르티보 파스토,1497
파우메이라스,1498
사릅스보르그 08,1499
파니오니오스 FC,1500
모얼랜드 제브러스,1501
페네르바흐체 SK,1502
파티마,1503
AEK 아테네,1504
허더즈필드 타운,1505
종프코비아 종프키,1506
레알 SC,1507
빠씨 발리드 유르,1508
아틀레티쿠 미네이루,1509
CD 비토리아,1510
USC 오이겐도르프,1511
파스 야니나,1512
그르노블 풋 38,1513
아마란트FC,1514
달링턴,1515
아르미니아 빌레펠트,1516
FC 헤브로스,1517
볼루스포르,1518
UE 미아푸에스타 빌라후이가,1519
렉섬 AFC,1520
셰필드 웬즈데이,1521
FC 위트레흐트,1522
AO 트리칼라 ,1523
비셀 고베,1524
가요스 블랑코스 데 케레타로,1525
바우반 스트라스부르크,1526
페레스 셀리돈,1527
데니즐리스포르,1528
FC 샹블리 우아즈,1529
리버풀,1530
드니프로 드니프로페트로우스크,1531
SV 아샤펜부르크-담,1532
청두 톈청,1533
몬차,1534
FC 카르타헤나,1535
주빌로 이와타,1536
비야레알 B,1537
아틀레티코 우일라,1538
SV 그뢰딕,1539
FC 우랄,1540
레드 스타 FC,1541
말라가 B,1542
브래드퍼드 시티,1543
나사프 카르시,1544
F.C. 한자 로스토크,1545
알아달라 클럽,1546
SK 슬라비아 프라하,1547
EN 토이 라카타미아스,1548
목포시청,1549
NK 리예카,1550
바라카스 센트랄,1551
우니앙 상주앙,1552
레알 베티스 발롬피에 B,1553
키에보 베로나,1554
IF 브로마포이카르나,1555
고양 KH,1556
허베이 FC,1557
부르캉브레스 01,1558
암카르 페름,1559
던디 Utd.,1560
IF 실비아,1561
우디네세,1562
나우티쿠,1563
미네루스 데 구아야나,1564
UD 레이리아,1565
NK 마르소니아 슬라본스키 브로드,1566
CD 레가네스 B,1567
사수올로,1568
PGE FKS 스탈 미엘레츠,1569
알 이티하드 알렉산드리아,1570
샬럿 FC,1571
SD 에이바르,1572
UD 이비사,1573
츠르베나 즈베즈다,1574
그레미우 아나폴리스,1575
탐피코 마데로,1576
스키브 IK,1577
RCD 마요르카 B,1578
알미르 시티 FC,1579
FC 코페르,1580
NC 뽀모락 코스트리나,1581
코임브라 미나스제라이스,1582
알웨흐다트,1583
키샤다 푸테볼 클루브,1584
NK 베르쥐,1585
플라타니아스 FC,1586
다르다넬스포르 ,1587
알리아 FK,1588
메트로스타스,1589
광저우 FC,1590
FC 투겐,1591
하제테페,1592
치파 유나이티드 FC,1593
오타와 퓨어리 FC,1594
카이라트 알마티,1595
ENPPI,1596
AD 알코르콘,1597
알라니아스포르,1598
데포르티부 다스 아베스,1599
AA 아파레시덴세,1600
크루스 아술,1601
레딩,1602
벨그라노 데 코르도바,1603
드라바 프투이,1604
칼마르 FF,1605
올랭피크 리옹,1606
페나피엘,1607
보루시아 묀헨글라트바흐 II,1608
알사드,1609
우니베르시다드 세사르 바예호,1610
케터링 타운,1611
올랜도 시티 SC,1612
가시마 앤틀러스,1613
곰베 유나이티드 FC,1614
SV 메펜,1615
비그레 수바우키,1616
USM 엘하라시,1617
앙나방 갱강,1618
포르티모넨스 SC,1619
베갈타 센다이,1620
아브하 클럽,1621
FK 리가,1622
안산 그리너스 FC,1623
아틀레틱 클럽 빌바오,1624
데포르티보 에스파뇰,1625
오페라리우 페호비아리우 이스포르치 클루비,1626
드르베카 노베 미아스토 루바프스키에,1627
프로 베르첼리,1628
토레스 칼초,1629
레알 스포르팅 히혼 B,1630
페어필드 스택스,1631
다누비오 FC,1632
메이저우 하카,1633
함마르뷔 IF,1634
콜론,1635
리버 플레이트,1636
하틀풀 Utd.,1637
CR 아틀레치쿠 카탈라누,1638
SV 하위전,1639
바이아,1640
살게이루스,1641
아리에술 투르다 ,1642
이베르돈-스포르트 FC,1643
알이티하드 칼바,1644
알나스르 SC 두바이,1645
포수스 지 카우다스,1646
발렌시아 CF,1647
이라티 스포르트 클럽,1648
네프치 바쿠,1649
우라칸 발렌시아,1650
클루브 우니온 마그달레나 S.A,1651
발루르 레이캬비크,1652
후안 아우리치,1653
브라가 B,1654
파프,1655
누오레제 칼초,1656
호브로 IK,1657
로즈부이 카토비체,1658
보루시아 노인키르헨,1659
뉴욕 레드불스,1660
피냘노벤스,1661
크로아티아 세스베테,1662
내슈빌 SC,1663
김포시민축구단,1664
FC 비토룰,1665
세바스토폴,1666
아틀란테,1667
꾸오삐온 빨로세우라,1668
카이저 치프스,1669
오이펜,1670
클루비 아틀레치쿠 파라나엔시 B,1671
노스컷 시티 SC,1672
SV 베스트팔리아 리네른,1673
우돈 타니 FC,1674
TPS 투르쿠,1675
예이트 타운,1676
이라클리스 FC,1677
델파 포르투 톨레,1678
리버풀 유스팀,1679
바라깔도 CF,1680
클루브 아틀레티코 인디펜디엔테,1681
알와흐다,1682
브웽키트니 가빈,1683
마두레이라 - RJ,1684
미네소타 유나이티드 FC,1685
사우스캐롤라이나 게임콕스,1686
알샤밥,1687
로다 JC 케르크라더,1688
SV 다름슈타트 98,1689
피스토이에세,1690
상 베르나르두 FC,1691
비뵤르 FF,1692
FC 빈터투어,1693
알이티하드,1694
보르스클라 폴타바,1695
FC 뮐루즈,1696
FC 힘키,1697
클뢰브 아프리캉,1698
FC 기후,1699
SV 조딩엔,1700
VfB 슈투트가르트,1701
NK 이스트라,1702
코린치앙스 알라고아누,1703
RCD 마요르카,1704
하포엘 브엘세바,1705
RCD 에스파뇰,1706
AC 벨린초나,1707
동커스터 로버스,1708
이파칭가 FC,1709
오라리아 AC,1710
인테르 데 마드리드 DUX,1711
던스터블 타운,1712
레이파스 라흐티,1713
오로라 FC 코차밤바,1714
레알 마드리드 C,1715
아라과 FC,1716
NK 마리보르,1717
레코,1718
US 루아,1719
체스터 시티,1720
FC 홍카,1721
산둥 타이산,1722
로사리오 센트랄,1723
폴커크,1724
카페탈레로스 데 치아파스,1725
아다나 데미르스포르,1726
뉴욕 코스모스,1727
전남 드래곤즈,1728
샬럿 인디펜던스,1729
칼스루허 SC II,1730
FC 비젤라,1731
노던 퓨어리 FC,1732
크로토네,1733
판세라이코스,1734
FC 마이애미 시티,1735
FIU 팬터스,1736
수원 삼성 블루윙즈,1737
레알 사라고사,1738
스포르팅 히혼,1739
SL 벤피카 B,1740
하노버 96 II,1741
기라반츠 기타큐슈,1742
로트바이스 알렌,1743
과달라하라,1744
FC 흐라데츠크랄로베,1745
디종 FCO,1746
라피트 빈,1747
탬파베이 뮤터니,1748
NK 로코모티바 자그레브,1749
TSG 호펜하임,1750
세비야 FC,1751
CD 산 로케 데 레페,1752
리빙스턴,1753
플라멩구,1754
RB 라이프치히,1755
스토밀 올슈틴,1756
맨스필드 타운,1757
MŠK 질리나,1758
야기엘로니아 비야위스토크,1759
CS 에멜레크,1760
FC 안시,1761
RC 스트라스부르,1762
시애틀 사운더스 FC 2,1763
솔 데 아메리카,1764
에스테그랄 테흐란,1765
CS 에레디아노,1766
FK 하이두크 쿨라,1767
FC 졸로투른,1768
FC 노르셸란,1769
실케보르 IF,1770
베리,1771
과라니,1772
강릉시청,1773
트라파니,1774
AS 생테티엔,1775
차이쿠르 리제스포르,1776
가플렌츠,1777
FC 벨케 메지르지치,1778
질 비센트 FC,1779
멜버른 빅토리,1780
감바 오사카,1781
아르헨티노스 주니어스,1782
FC 니트라,1783
라스베이거스 퀵실버스,1784
카시아스,1785
클루브 나시오날 데풋볼,1786
마게이트,1787
산 마르코스,1788
FC 류쿠,1789
CD 톨레도,1790
샤를루아,1791
SV 군타마틱 리트,1792
톨루카,1793
SV 링스,1794
새너제이 어스퀘이크,1795
브리즈번 라이언스,1796
신트-트라위던,1797
베스테로스 SK,1798
인터 마이애미 CF,1799
리에르세,1800
AA 겐트,1801
중국 싼샤대학교,1802
올리베이렌스,1803
RS 푸치볼,1804
레지나,1805
레알 솔트레이크,1806
광저우 시티,1807
볼린 루츠크,1808
케이프 타운 스퍼스,1809
스포르트 보이스,1810
블랙타운 시티,1811
트란미어 로버스,1812
애틀란타 유나이티드 FC,1813
도체스터 타운,1814
소콜 오스트로다,1815
AJ 오세르,1816
퍼스 SC,1817
도쿠시마 보르티스,1818
에히메 FC,1819
알코르 SC,1820
인스티투토 코르도바,1821
스컨소프 유나이티드,1822
CS 빠뜨리아,1823
노리치 시티,1824
프리 스테이트 스타스 FC,1825
포트 베일,1826
코빌량,1827
헤라클레스 알멜로,1828
NK 돔잘레,1829
레퍼즈,1830
트락토르 클럽,1831
CS 스당,1832
과라팅구에타 풋보르 Ltda. (SP),1833
아스널,1834
세인트헬렌스 타운,1835
첸나이 FC,1836
푸에블라,1837
파르티잔 베오그라드,1838
치아파스 FC,1839
레알 라싱 클루브,1840
벨레넨세스 SAD,1841
SC 바스티아,1842
브뤼네 FK,1843
콘코르디아 누로프,1844
US 아브랑슈,1845
아팔라시안 스테이트 마운테이니어스,1846
페렌츠바로시 TC,1847
헤이스 & 에딩 유나이티드,1848
리에파야스 메탈루르크스,1849
ES 튀니스,1850
브래드포드 파크 애비뉴,1851
K 베이르스호트 VA,1852
오르다바시 심켄트,1853
빌렘 II,1854
크리스털 팰리스,1855
게이츠헤드,1856
FK 사라예보,1857
리미니,1858
CD 마샤케느,1859
LD 알라후에렌세,1860
AS 낭시,1861
산프레체 히로시마,1862
아약스,1863
발렌시아 메스타야,1864
폴리뇨,1865
노츠 카운티,1866
산드니스 Ulf,1867
삼베네데테제,1868
스타드 랭스,1869
클루브 데포르티보 과달라하라,1870
하트 오브 미들로디언,1871
AS 레알 바마코,1872
즈니치 프루슈쿠프,1873
아틀레티코 투쿠만,1874
경남 FC,1875
외르그뤼테 IS,1876
사마라,1877
MTV 기프호른,1878
사네피오르 포트발,1879
란헤임 포트발,1880
BB 에르주룸스포르,1881
라요 바예카노,1882
MVV 마스트리흐트,1883
FC 바이에른 뮌헨 II,1884
샤밥 알오르돈 알카디시야,1885
US 라온,1886
오이타 트리니타,1887
아나디아 FC,1888
메탈리스트 하르키우,1889
VfL 볼프스부르크 II,1890
다롄 스더,1891
워싱턴 디플로매츠,1892
에스투디안테스 부에노스 아이레스,1893
AFC 에스킬스투나,1894
CD 루고,1895
라티움,1896
입스위치 타운,1897
투비즈,1898
엘자이시,1899
샤흐타르 도네츠크,1900
바르셀로나 SC 과야낄,1901
팔켄베리 FF,1902
-,1903
부르하쏫 CF,1904
대전 코레일 FC,1905
선양 종즈,1906
FK 소치,1907
AS 트렌친,1908
라보트니치키 스코페,1909
지르카 키로바라드,1910
FC 잉골슈타트 04,1911
포르투나 시타르트,1912
아키사르스포르,1913
SC 파더보른 07,1914
셀틱,1915
세레소 오사카,1916
FC 오렐,1917
SV 엘베르스베르크,1918
드림즈 FC,1919
코킴보 우니도,1920
페예노르트,1921
카라레제,1922
아틀레티코 나시오날,1923
상하이 선화,1924
캔자스시티 위저즈,1925
벨렌,1926
OFK 베오그라드,1927
USMP,1928
우메오 FC,1929
트레비소,1930
NK 젤레즈니차르 슬라본스키 브로드,1931
FC 스타드-러자느 우쉬,1932
상 파울루,1933
옌볜 푸더,1934
SV 바커 부르크하우젠,1935
청주 시청 FC,1936
FC 08 홈부르크,1937
우니앙 드 토마르,1938
루빈 카잔,1939
저장 FC,1940
알카디시아,1941
클레르몽 풋 63,1942
FK 보츠도박,1943
Vfl 오스나브뤼크,1944
주벤투지,1945
앤트워프,1946
U 아메리카 FC,1947
케플라비크 IF,1948
포리스트 그린 로버스,1949
메탈루르흐 자포리자,1950
모데나,1951
방데 뤼송 풋볼,1952
알 샤밥 두바이,1953
슬로반 리베레츠,1954
FK 헤우게순,1955
AO 에피스코피 레심누,1956
스티버니지,1957
1461 트라브존,1958
고양 Hi FC,1959
스탕다르 리에주,1960
키커스 오펜바흐,1961
FC SKA 하바롭스크,1962
안코나,1963
1. FK 프르지브람,1964
SC 헤이렌베인,1965
포곤 슈체친,1966
아약스 케이프 타운,1967
SpVgg 그로이터 퓌르트,1968
페르세폴리스 FC,1969
가젤레크 아작시오,1970
알와슬,1971
대구 FC,1972
CF 페랄라다,1973
카부스코르프 SC,1974
하코아 아미다르 라마트간,1975
스팔,1976
NAC 브레다,1977
삼순스포르,1978
카스티야,1979
헤일조인 타운,1980
1. FSV 마인츠 05,1981
IFK 마리에함,1982
스포르팅 CP,1983
레알 마드리드,1984
비첸자,1985
티부로네스 로호스 데 베라크루스,1986
CD 안토파가스타,1987
브라가,1988
카타르 SC,1989
FC 로코모티브,1990
플로라 탈린,1991
엠폴리,1992
페트로룰 플로이에스티 ,1993
US 불로뉴,1994
고이아네시아 EC,1995
비제프 우치,1996
파추카,1997
시애틀 사운더스,1998
차카리타 주니어스,1999
아메리카 (리우데자네이루),2000
풀라드 FC,2001
탬워스,2002
브루나이 DPMM FC,2003
CS 우루과이,2004
그로세토,2005
엥엘홀름 FF,2006
오스만르스포르,2007
FC 아일렌부르크,2008
페르골레테제 1932,2009
레온,2010
포르탈레자,2011
고이아니엔세,2012
버턴 앨비언,2013
카를스루어 SC,2014
판두리 트르구지우,2015
올두스포르,2016
TP 마젬베,2017
라피드 부카레슈티 ,2018
버밍햄 리전,2019
마츠모토 야마가 FC,2020
뉴캐슬 유나이티드,2021
아뽈론 스미르니스,2022
엘라지스포르,2023
아다나스포르,2024
FC 시옹,2025
졸리바 AC,2026
US 토르시 지오반,2027
CF 몽레알,2028
톈진 톈하이 FC,2029
오스틴 FC,2030
포 FC,2031
사투른 라멘스코예,2032
IA 아크라네스 ,2033
사모라 FC,2034
가퍼스 타운 AFC,2035
베이징 궈안,2036
레이튼 오리엔트,2037
불린 라이온스,2038
FSV 츠비카우,2039
디나모 트빌리시,2040
저장 이텅,2041
파자노 오카야마,2042
올림피아코스 CFP,2043
FC 바르셀로나,2044
츠에겐 가나자와,2045
스파르타 프라하,2046
FC 아라우,2047
꼴레지오 나시오날 이뀌또스,2048
찰턴 애슬레틱,2049
팔레르모,2050
후트닉 크라코프,2051
TSV 1860 하나우,2052
올랭피크 마르세유,2053
FC 파두츠,2054
아스칼스 디벨롭먼트 팀,2055
FC 아로카,2056
BSC 올드보이스 바젤,2057
FC 에먼,2058
이시아 와지,2059
투팅 & 미챔 FC,2060
트루로 시티,2061
아레초,2062
레 어비에제 VF,2063
밴쿠버 화이트캡스,2064
나고야 그램퍼스,2065
FK 파르티자니 티라나 ,2066
페헤바르 FC,2067
피츠버그 리버하운즈,2068
번리,2069
시티즌,2070
앨더숏 타운,2071
AA 카우덴시,2072
제프 유나이티드 이치하라,2073
FK 믈라다볼레슬라프,2074
아비롱 바욘,2075
J. 말루치엘리 푸트볼,2076
CD 바스코니아,2077
FC 빌뉴스,2078
SD 베아사인,2079
방데 푸아레쉬르비 풋볼,2080
라싱 클루브 데 아베야네다,2081
몽펠리에 HSC,2082
AD 빠를라,2083
HZ 그린타운,2084
알두하일,2085
크롤리 타운,2086
만프레도니아,2087
아틀레티코 산루케뇨 ,2088
