season_pk,season,pay_side,position,overall,Sprint_speed,Acceleration,Finishing,Shot_power,Long_shots,Positioning,Volleys,Penalties,Short_pass,Eyesight,Crossing,Long_pass,FK_Acc,Curve,Dribbling,Ball_control,Agility,Balance,Reflexes,Interpersonal_defense,Stand_tackle,Interception,Heading,Slide_tackle,Strength,Stamina,Aggression,Jumping,Composure,GK_Diving,GK_Handling,GK_Kicking,GK_Reflexes,GK_Positioning,ST,LW,CF,RW,CAM,LM,CM,RM,CDM,LWB,CB,RWB,LB,SW,RB,GK
246,UP,20,LM,99,97,86,89,106,95,101,90,89,96,97,99,97,77,94,104,102,82,92,106,101,94,104,96,94,102,109,96,90,96,12,10,23,22,27,98,97,98,97,97,99,99,99,99,99,98,99,98,97,98,27
246,UP,18,CDM,95,86,83,76,96,90,81,62,80,96,86,76,96,83,85,86,98,83,92,90,93,93,94,100,92,97,105,106,105,94,9,14,24,11,18,88,86,88,86,88,88,92,88,95,91,95,91,92,95,92,22
246,UP,21,ST,101,87,87,110,92,86,110,91,96,90,80,67,77,60,87,94,103,82,100,99,47,34,38,112,35,109,90,103,94,100,14,23,26,9,13,101,93,97,93,93,91,85,91,71,69,68,69,66,69,66,24
246,UP,20,CF,98,100,98,95,98,98,92,95,84,94,85,84,93,77,86,108,111,95,109,90,76,72,70,90,70,101,97,85,87,109,27,24,22,12,26,97,97,98,97,97,97,93,97,86,86,82,86,84,82,84,29
246,UP,17,CM,95,81,86,78,92,88,84,78,90,100,93,79,101,69,86,91,98,92,85,96,81,93,98,81,91,91,94,100,86,93,14,17,20,13,25,87,89,90,89,92,90,95,90,95,91,91,91,90,90,90,26
246,UP,21,CM,100,94,96,88,105,97,97,89,93,105,98,100,108,103,102,104,107,102,110,97,96,93,82,90,94,85,102,98,96,104,10,17,11,12,20,96,99,99,99,100,100,100,100,97,97,92,97,95,93,95,23
246,UP,19,CB,98,87,88,60,81,69,49,60,60,91,83,58,91,64,63,73,79,78,83,98,101,102,93,104,102,102,88,97,90,86,27,23,24,13,14,77,74,76,74,78,77,84,77,93,88,98,88,91,98,91,28
246,UP,19,GK,102,74,68,27,47,27,47,22,33,60,72,42,72,30,28,23,60,90,72,99,30,18,30,33,30,77,39,77,90,77,105,98,106,106,102,49,52,52,52,56,54,56,54,51,46,45,46,45,45,45,102
246,UP,18,LB,95,97,98,74,100,95,89,70,83,94,86,99,89,90,98,98,98,95,99,101,92,93,90,82,96,80,99,88,93,90,12,22,17,12,14,89,93,92,93,92,94,93,94,92,96,90,96,95,90,95,24
246,UP,16,ST,88,84,85,90,95,71,92,87,87,82,74,49,54,75,76,79,90,65,91,84,46,44,35,92,42,98,74,96,85,94,15,18,9,11,10,88,80,85,80,81,78,73,78,64,62,64,62,61,65,61,21
246,UP,17,CDM,92,80,82,67,86,86,69,64,47,95,89,77,97,68,87,96,99,84,103,91,91,90,89,92,87,100,95,80,77,91,19,12,10,17,14,83,85,86,85,88,87,91,87,92,89,90,89,88,90,88,23
246,UP,18,CDM,96,95,90,74,102,88,86,66,98,97,89,79,99,85,82,89,90,80,90,94,89,96,97,101,95,104,105,105,99,88,27,14,16,14,25,89,87,89,87,89,89,93,89,96,93,96,93,93,96,93,27
246,UP,20,RW,99,106,105,93,99,97,101,91,87,94,89,107,90,86,92,101,100,102,108,99,74,71,80,74,73,82,100,82,87,99,22,11,20,20,13,95,99,97,99,97,99,93,99,86,91,79,91,88,79,88,25
246,UP,17,ST,92,83,85,100,79,88,98,80,97,79,69,76,85,82,80,91,96,80,89,87,72,59,40,106,56,97,79,89,96,97,14,17,23,19,15,92,87,89,87,86,86,81,86,73,72,74,72,71,75,71,24
246,UP,18,CB,96,83,77,59,82,60,47,46,73,83,62,58,75,53,43,71,72,59,67,89,103,99,94,101,99,105,87,97,96,78,17,17,22,27,18,73,68,70,68,69,71,75,71,88,85,96,85,88,97,88,27
246,UP,21,CB,101,91,95,77,93,64,78,71,69,95,89,63,94,63,52,85,93,91,107,105,109,103,100,104,101,94,89,108,98,103,9,25,23,27,25,88,85,88,85,88,87,91,87,98,93,101,93,95,101,95,30
246,UP,22,CM,103,101,100,97,106,110,101,95,101,106,99,98,107,103,105,101,106,108,104,106,92,95,93,83,86,83,110,100,80,107,12,26,9,11,20,99,102,102,102,103,102,103,102,99,99,92,99,97,92,97,26
246,UP,16,GK,95,69,75,23,27,23,15,14,33,49,36,21,42,15,26,31,50,81,72,93,18,19,28,25,17,62,60,43,90,71,98,92,90,97,96,38,43,41,43,44,44,43,44,40,41,35,41,39,35,39,95
246,UP,17,CB,93,89,94,72,57,57,67,65,57,92,80,70,93,38,60,71,89,81,92,89,97,86,95,96,88,96,89,106,101,84,27,26,12,23,26,78,79,78,79,81,81,84,81,91,87,93,87,88,93,88,31
246,UP,20,CDM,100,98,96,79,96,91,88,84,79,102,94,89,97,72,79,92,94,97,101,100,103,100,104,88,98,94,110,100,103,96,23,21,18,10,27,90,92,92,92,94,94,97,94,100,99,98,99,99,98,99,28
246,UP,19,CF,96,89,88,99,99,96,99,71,95,98,93,93,92,86,97,93,101,85,91,92,79,90,87,100,79,96,99,100,97,98,10,15,21,16,17,96,94,96,94,95,95,95,95,92,90,90,90,89,90,89,23
246,UP,16,LB,89,88,92,74,86,78,82,77,67,89,78,92,80,68,90,93,88,82,85,93,89,89,87,78,92,73,96,89,87,88,18,16,14,15,11,83,86,85,86,85,87,86,87,87,90,86,90,89,86,89,23
246,UP,17,CDM,93,80,94,77,79,87,78,75,77,96,84,89,102,100,94,90,95,90,106,96,90,90,97,69,87,76,106,85,80,93,12,9,21,13,11,82,88,86,88,89,90,93,90,93,93,87,93,91,86,91,21
246,UP,19,LW,97,106,107,94,93,88,94,87,85,96,97,93,90,67,93,102,96,102,96,91,39,46,47,66,36,82,96,77,85,82,10,23,22,16,9,91,97,95,97,96,97,89,97,72,76,61,76,71,60,71,23
246,UP,20,LW,96,100,101,97,90,90,94,76,93,90,90,95,92,72,95,101,95,94,97,99,52,58,49,93,60,83,89,69,83,93,24,22,14,24,18,94,96,95,96,94,95,89,95,75,79,69,79,77,70,77,30
246,UP,19,CB,97,81,82,65,88,55,77,60,61,90,84,69,89,58,68,77,95,80,77,100,101,98,99,96,99,101,89,93,89,88,10,21,23,16,24,82,80,82,80,83,83,87,83,95,90,97,90,92,97,92,27
246,UP,19,RWB,97,107,106,80,95,87,90,88,89,90,92,100,90,77,93,103,96,99,106,99,92,92,97,88,97,91,105,82,78,94,22,14,15,18,10,92,95,94,95,94,96,93,96,93,97,92,97,97,91,97,25
246,UP,17,GK,96,47,50,23,20,20,24,27,27,44,60,20,60,17,27,25,43,73,66,93,25,22,30,20,16,77,57,65,87,71,98,94,92,103,96,36,39,39,39,44,42,47,42,45,38,39,38,36,39,36,96
246,UP,20,CB,100,87,87,79,83,63,69,55,72,88,69,76,84,53,75,74,92,85,82,102,105,103,95,103,104,96,94,103,107,94,25,15,11,27,18,84,81,81,81,81,82,84,82,94,92,100,92,95,100,95,29
246,UP,22,RB,102,102,108,85,94,91,94,85,90,97,87,107,94,83,97,96,102,93,100,106,107,98,103,98,102,94,105,104,102,98,23,14,20,21,13,95,97,96,97,95,98,96,98,100,102,101,102,102,101,102,27
246,UP,15,ST,86,84,96,90,82,84,84,80,79,76,72,74,72,64,86,93,96,86,77,84,27,32,36,82,29,77,80,73,81,73,14,26,21,25,11,86,86,86,86,84,84,76,84,60,63,53,63,59,53,59,26
246,UP,17,ST,92,94,99,96,91,89,98,84,90,86,77,78,78,78,80,92,97,91,94,91,57,34,47,82,44,84,77,72,87,95,23,23,17,18,10,92,91,92,91,90,89,82,89,68,71,63,71,68,63,68,26
246,UP,17,RW,93,96,94,85,86,92,91,79,92,93,91,99,91,89,89,102,88,98,99,94,44,40,45,68,36,58,90,68,72,84,19,23,18,22,25,86,93,91,93,92,93,86,93,69,73,56,73,68,56,68,29
246,UP,18,CDM,96,92,87,67,84,82,71,69,72,99,82,71,92,54,65,81,97,82,87,96,96,96,99,94,97,92,105,102,97,93,20,25,13,27,23,83,83,84,83,86,86,91,86,96,93,96,93,94,96,94,31
246,UP,19,CB,98,84,83,75,96,80,77,81,69,97,92,68,100,66,82,88,95,81,94,91,97,99,100,102,90,107,93,106,91,96,17,27,26,20,24,87,85,87,85,88,86,93,86,97,90,98,90,91,98,91,29
246,UP,23,CB,103,94,88,79,95,94,82,63,96,101,92,96,108,104,108,79,100,89,94,104,105,104,110,104,105,95,101,99,97,97,14,13,13,26,25,90,90,90,90,92,92,98,92,103,100,103,100,101,102,101,28
246,UP,19,ST,98,106,105,107,91,94,109,100,97,81,91,75,80,76,79,92,100,103,91,104,25,34,52,94,38,77,92,76,95,86,10,25,23,21,16,98,96,98,96,95,94,87,94,68,71,60,71,68,59,68,27
246,UP,18,CDM,97,86,87,60,83,77,76,61,76,100,94,76,96,69,75,87,97,79,91,95,99,97,95,85,96,94,104,98,89,80,14,9,25,14,12,81,85,85,85,88,88,93,88,97,93,95,93,93,95,93,21
246,UP,16,ST,91,97,95,97,96,89,99,87,86,77,80,74,66,65,86,86,90,92,80,92,49,34,54,81,27,86,84,64,94,93,17,20,13,13,26,91,88,90,88,86,86,78,86,65,68,60,68,65,59,65,26
246,UP,18,RW,94,99,101,93,86,84,84,77,99,91,96,91,90,88,89,99,95,90,95,99,34,36,50,57,29,79,89,44,69,88,19,27,21,16,16,87,94,92,94,93,94,87,94,68,72,54,72,67,52,67,28
246,UP,21,CM,101,98,92,89,102,98,94,91,89,103,98,81,107,85,94,97,99,90,97,104,91,99,101,100,101,105,109,108,92,102,25,24,26,12,11,97,95,97,95,98,96,101,96,101,98,99,98,98,99,98,27
246,UP,20,RW,98,108,108,97,98,102,96,90,97,92,87,98,95,104,106,107,95,109,94,93,65,80,74,70,62,82,101,59,85,99,27,9,20,17,17,94,98,97,98,96,98,93,98,83,87,75,87,84,74,84,25
246,UP,17,RM,93,93,94,74,85,77,90,69,80,89,85,99,95,73,82,95,95,88,97,100,88,92,87,85,88,87,107,92,94,98,15,17,16,14,23,87,90,89,90,89,93,91,93,91,93,89,93,92,89,92,26
246,UP,19,LW,94,99,99,93,102,100,97,90,91,88,89,96,86,91,101,92,94,94,101,93,69,62,79,88,58,88,103,81,92,94,21,27,12,19,14,94,94,93,94,92,93,89,93,81,84,77,84,82,76,82,27
246,UP,18,LM,96,93,96,87,93,88,90,84,80,92,96,104,95,94,96,99,103,98,96,90,90,78,79,76,64,80,107,93,80,90,25,14,18,11,21,90,95,93,95,94,96,93,96,88,90,82,90,87,81,87,25
246,UP,19,CB,96,89,82,65,90,72,38,60,72,84,69,69,87,80,58,73,82,79,69,93,101,98,98,98,94,103,94,96,84,91,11,12,16,17,9,76,73,73,73,74,76,80,76,91,88,96,88,90,95,90,21
246,UP,18,CB,95,95,87,68,73,66,64,44,52,86,68,82,84,47,69,80,86,80,86,90,96,96,88,105,97,103,87,97,94,90,22,26,15,20,16,80,79,78,79,78,81,81,81,89,89,95,89,91,95,91,28
246,UP,17,CDM,94,86,79,67,87,84,64,64,75,92,80,71,97,77,64,87,92,77,84,96,89,98,95,89,92,97,106,99,90,91,21,12,15,20,16,81,81,82,81,84,84,89,84,94,90,93,90,91,93,91,25
246,UP,17,LB,93,91,95,74,94,94,85,69,79,94,89,88,95,78,78,99,96,99,91,97,94,96,91,80,94,82,106,98,87,87,20,18,9,14,11,87,91,91,91,92,92,94,92,94,94,91,94,93,91,93,24
246,UP,17,LB,94,96,99,77,90,88,80,64,75,93,79,99,82,64,87,95,90,92,91,95,96,91,95,84,95,89,101,99,95,85,25,18,20,25,17,86,90,88,90,88,91,88,91,92,95,92,95,94,92,94,29
246,UP,19,CB,99,90,90,70,98,77,66,74,80,87,80,60,90,80,47,72,82,82,87,90,99,103,97,107,101,106,86,106,96,88,22,22,17,24,13,83,77,80,77,80,78,84,78,93,88,99,88,91,99,91,27
246,UP,16,ST,88,89,88,89,88,84,97,87,82,74,77,74,80,60,84,94,86,88,80,87,44,49,46,85,47,85,82,65,82,87,12,16,12,13,10,88,86,87,86,85,85,79,85,66,68,62,68,66,62,66,20
246,UP,17,CB,92,90,82,48,85,62,55,46,59,77,60,70,76,46,66,77,77,69,68,92,96,94,88,93,98,98,83,92,102,80,15,20,11,26,26,73,71,71,71,71,74,75,74,85,85,92,85,87,93,87,28
246,UP,17,LB,95,99,99,64,82,67,74,60,60,96,84,83,86,68,73,91,96,90,101,98,97,93,99,71,98,80,103,96,87,84,26,12,17,15,25,81,87,86,87,87,89,90,89,94,95,92,95,95,91,95,28
246,UP,20,CB,99,96,89,74,88,79,81,60,71,93,87,86,105,87,92,82,100,86,99,99,101,104,98,98,101,97,97,97,99,98,23,18,18,27,20,87,87,88,87,89,90,93,90,98,96,99,96,97,99,97,30
246,UP,17,LW,91,92,94,82,89,93,94,80,90,90,85,80,88,85,84,101,91,95,89,100,49,49,49,60,38,63,71,55,85,89,17,9,18,16,16,86,91,91,91,91,90,85,90,69,71,59,71,67,58,67,24
246,UP,18,CDM,95,90,85,70,96,88,79,64,77,95,84,82,96,76,80,85,90,82,90,94,94,99,93,86,103,96,98,106,90,93,21,23,9,10,15,84,85,85,85,86,87,90,87,95,93,95,93,93,96,93,25
246,UP,18,ST,94,95,99,96,98,85,96,89,90,82,82,72,79,79,70,83,91,83,80,89,46,58,60,106,49,98,90,92,96,86,23,20,13,20,19,94,87,90,87,87,86,82,86,73,73,72,73,72,72,72,27
246,UP,18,ST,95,102,97,95,94,100,99,100,100,94,87,84,85,100,102,103,98,104,105,97,36,41,49,79,43,87,92,80,74,86,18,11,10,13,23,95,96,96,96,96,95,88,95,71,74,62,74,70,62,70,24
246,UP,20,CB,101,99,95,79,89,75,89,77,76,97,94,96,97,77,89,96,94,96,106,102,107,102,107,95,103,92,107,109,106,96,16,10,12,9,12,90,93,92,93,93,95,96,95,101,101,101,101,101,101,101,21
246,UP,15,RW,89,87,95,82,86,87,92,86,72,89,80,91,87,69,76,87,94,94,86,94,72,49,49,66,39,68,90,72,82,95,20,11,17,18,13,85,89,88,89,88,89,84,89,73,75,64,75,71,64,71,24
246,UP,20,LB,97,95,93,77,110,107,89,81,101,96,97,108,95,108,109,97,98,85,100,98,98,96,95,96,96,95,102,108,92,103,14,11,21,20,16,93,95,94,95,94,96,96,96,97,98,96,98,97,97,97,24
246,UP,18,CDM,94,88,86,80,90,88,78,63,67,92,86,72,98,69,70,89,91,88,80,90,91,95,101,79,95,92,101,99,82,97,23,25,21,22,10,84,85,86,85,87,87,91,87,94,91,92,91,91,92,91,27
246,UP,20,CDM,98,88,89,85,96,106,95,82,69,100,92,87,94,80,90,98,102,92,104,102,92,98,100,84,103,88,109,105,80,93,23,18,20,22,20,93,95,95,95,96,95,98,95,98,98,95,98,97,95,97,29
246,UP,16,ST,89,95,88,84,92,82,94,85,88,85,75,85,78,80,77,97,94,94,81,90,58,49,33,85,46,84,86,90,90,84,14,14,20,20,16,89,89,89,89,87,88,81,88,69,72,65,72,69,66,69,24
246,UP,20,CAM,99,91,94,102,95,92,107,103,98,99,101,89,97,80,86,94,99,94,91,106,76,80,85,102,66,99,98,82,99,85,15,19,21,9,14,99,97,99,97,99,97,97,97,90,88,86,88,87,85,87,24
246,UP,19,CB,96,77,80,60,91,85,79,57,83,87,84,82,88,86,87,79,91,86,89,95,102,100,95,98,99,97,86,90,84,92,16,10,23,12,20,82,81,82,81,83,82,87,82,93,90,96,90,92,96,92,23
246,UP,16,GK,97,57,57,21,33,23,20,30,30,52,49,23,48,27,22,20,34,71,62,98,26,32,27,19,22,60,44,40,82,56,98,92,83,104,98,36,38,38,38,42,40,43,40,42,39,37,39,38,37,38,97
246,UP,21,CM,100,93,96,95,98,104,99,82,97,107,92,84,98,96,98,104,107,101,107,99,91,96,91,79,88,98,107,101,88,106,11,25,20,16,27,97,99,99,99,100,99,100,99,98,96,93,96,94,93,94,28
246,UP,19,CAM,98,100,97,95,99,108,100,92,98,97,94,95,96,102,103,101,104,107,91,94,70,70,67,77,67,79,107,73,85,98,17,16,16,20,13,95,99,98,99,98,98,95,98,84,87,76,87,84,76,84,25
246,UP,18,CB,95,87,82,39,90,76,47,49,64,88,73,49,73,47,63,71,79,78,87,95,100,98,95,92,100,98,91,96,79,86,24,18,22,26,18,71,70,72,70,73,72,79,72,90,86,95,86,89,95,89,29
246,UP,17,LB,94,99,92,64,92,80,77,72,73,90,75,96,82,82,82,80,84,87,93,90,98,95,97,81,97,84,105,98,83,82,23,10,20,17,12,81,83,82,83,82,85,85,85,91,94,92,94,94,92,94,23
246,UP,17,GK,98,59,53,22,30,26,20,30,27,39,60,20,40,27,19,20,38,77,82,96,20,25,37,22,20,82,54,46,88,68,100,96,93,103,96,37,38,39,38,42,40,43,40,42,38,39,38,38,38,38,98
246,UP,16,CDM,91,77,90,78,89,87,81,78,88,91,89,82,95,95,94,90,97,92,84,90,90,95,95,79,89,80,97,71,86,95,27,17,14,25,9,84,87,87,87,89,88,91,88,91,90,87,90,90,87,90,26
246,UP,20,LB,100,110,108,85,86,87,109,84,79,98,96,101,91,87,96,92,105,110,104,102,93,98,103,78,102,70,100,96,95,98,22,24,14,16,22,93,99,98,99,98,99,98,99,97,101,94,101,100,93,100,29
246,UP,22,LW,103,107,111,102,100,111,106,90,96,97,89,99,94,92,110,110,103,111,111,102,61,57,77,78,47,79,94,86,90,102,26,13,15,21,20,99,103,102,103,101,102,95,102,82,85,73,85,81,72,81,28
246,UP,22,CDM,103,91,90,81,86,77,94,72,77,109,99,84,104,89,95,104,107,94,101,102,102,99,109,95,97,99,107,99,92,109,23,19,13,19,20,93,96,96,96,99,98,102,98,103,100,100,100,99,100,99,28
246,UP,22,CDM,103,96,92,79,89,81,96,70,81,108,95,89,104,94,98,107,109,95,106,106,103,99,98,97,101,101,107,102,89,112,9,11,15,15,13,94,98,98,98,100,100,102,100,103,101,100,101,100,100,100,22
246,UP,17,CM,92,88,84,79,93,96,77,83,91,99,90,85,89,90,98,95,99,87,99,91,75,87,87,73,77,73,101,87,85,90,13,25,23,16,17,85,89,89,89,91,90,92,90,89,88,82,88,86,82,86,26
246,UP,21,RW,101,110,106,91,97,97,103,90,97,95,99,99,94,97,107,108,107,108,109,97,61,71,61,74,51,77,94,76,83,96,12,25,9,9,10,95,101,100,101,100,101,95,101,81,85,72,85,81,71,81,22
246,UP,18,CB,96,96,88,72,91,69,69,69,76,90,69,86,90,79,69,89,94,82,96,103,93,93,90,107,89,101,78,108,104,84,13,13,16,23,17,86,85,84,85,84,86,85,86,91,90,96,90,91,96,91,25
246,UP,15,GK,93,49,61,16,29,21,15,23,31,41,61,21,42,20,17,19,38,58,46,91,20,22,25,23,20,67,48,22,72,65,93,91,91,97,93,33,36,37,36,40,38,41,38,38,36,33,36,35,33,35,93
246,UP,16,CAM,90,82,82,80,90,91,92,84,86,95,96,89,93,92,96,89,89,88,79,85,69,69,60,82,69,78,83,87,82,79,12,20,23,20,22,85,88,88,88,90,88,88,88,80,79,74,79,77,75,77,26
246,UP,20,CAM,98,97,97,93,95,98,99,93,96,104,92,94,94,94,95,107,97,106,89,96,59,71,89,82,66,87,97,81,73,96,18,23,15,23,25,95,98,98,98,98,98,96,98,87,88,79,88,85,77,85,30
246,UP,19,RW,97,108,110,82,86,74,99,80,76,98,98,92,91,70,81,100,99,102,92,98,42,46,47,66,36,82,94,58,83,89,27,24,13,26,26,90,97,95,97,96,97,90,97,73,77,60,77,72,59,72,33
246,UP,18,CB,96,89,85,55,96,70,69,73,83,91,85,82,91,83,86,73,94,76,91,93,99,98,88,99,99,104,86,97,83,91,17,25,22,17,15,81,80,80,80,82,82,86,82,93,90,96,90,92,96,92,26
246,UP,19,LB,98,92,87,86,100,96,95,86,80,95,87,107,98,103,105,92,102,85,97,94,96,100,96,103,96,96,109,96,92,86,21,23,21,12,19,94,94,93,94,93,95,96,95,97,98,97,98,98,97,98,27
246,UP,16,CM,90,102,96,80,77,82,90,85,82,91,97,82,94,82,87,94,85,95,102,91,67,78,86,66,81,64,96,85,55,88,27,18,27,11,19,83,89,88,89,90,90,90,90,84,86,77,86,84,76,84,27
246,UP,15,GK,94,57,64,26,33,26,25,36,26,36,74,23,60,19,17,32,37,92,94,96,34,18,39,20,26,84,47,71,90,81,98,94,84,97,92,39,43,43,43,47,44,47,44,46,40,42,40,39,42,39,94
246,UP,17,CAM,93,94,94,82,82,87,94,79,82,95,97,86,88,80,89,97,95,89,83,93,75,75,84,78,79,77,96,84,79,90,20,12,26,9,14,87,92,92,92,93,93,92,93,86,87,80,87,85,80,85,23
246,UP,20,RB,99,105,107,81,89,98,98,89,84,91,88,106,96,88,96,100,96,107,101,104,99,94,96,81,100,88,108,96,90,95,19,13,13,20,25,92,97,95,97,95,98,95,98,96,100,94,100,99,94,99,28
246,UP,16,GK,98,66,63,27,40,25,24,27,40,56,60,27,46,26,34,23,34,78,83,97,30,33,30,18,29,86,43,35,87,70,104,96,92,100,98,40,42,42,42,46,44,46,44,45,42,42,42,42,42,42,98
246,UP,20,CM,100,88,85,95,100,107,91,92,91,104,102,73,102,89,90,98,101,89,88,105,76,88,90,87,71,82,109,98,92,89,15,15,13,22,21,95,95,97,95,99,95,100,95,94,90,87,90,88,86,88,27
246,UP,19,LW,95,95,101,91,99,96,96,83,77,91,91,91,93,95,102,104,98,99,111,92,59,64,67,59,56,90,92,83,67,98,22,9,14,27,13,91,95,95,95,95,95,91,95,80,81,71,81,77,70,77,25
246,UP,18,CDM,96,93,93,77,92,78,78,60,68,101,87,76,88,69,64,96,97,90,103,97,91,100,102,81,91,89,107,94,95,95,13,14,22,12,27,86,89,90,89,91,91,93,91,96,95,94,95,94,93,94,25
246,UP,20,RB,100,97,95,71,89,82,87,72,60,97,86,105,100,69,90,98,99,85,82,98,106,106,98,100,99,98,106,98,91,88,15,21,20,23,13,89,92,91,92,92,95,95,95,99,100,100,100,100,100,100,26
246,UP,20,ST,98,99,99,96,103,97,108,100,94,94,94,85,83,67,76,92,97,94,100,99,75,73,76,94,58,88,109,95,101,89,22,13,19,23,13,98,95,97,95,96,95,93,95,85,86,81,86,84,81,84,26
246,UP,19,CB,96,92,88,72,107,92,73,60,61,95,85,69,91,89,68,80,90,80,70,91,95,96,94,97,96,106,86,102,99,87,17,13,23,27,11,86,83,85,83,85,84,88,84,93,89,96,89,90,96,90,25
246,UP,20,CAM,101,97,81,96,99,98,98,95,92,107,101,99,106,99,94,105,102,90,96,106,77,70,82,85,65,92,110,89,72,98,24,13,13,9,27,97,99,100,99,101,101,101,101,92,91,82,91,87,81,87,27
246,UP,17,CM,92,88,90,89,86,96,98,77,92,86,88,84,99,92,90,93,93,92,85,99,86,84,90,76,57,82,94,82,84,87,9,26,17,26,10,89,91,91,91,91,91,92,91,87,85,82,85,84,80,84,26
246,UP,17,CDM,92,74,80,65,89,76,79,52,69,91,89,58,90,78,54,80,87,77,85,91,94,91,99,83,86,99,99,89,80,91,20,10,24,14,21,80,79,82,79,83,81,88,81,92,86,90,86,86,90,86,24
246,UP,19,CF,97,105,108,102,95,100,100,97,96,89,91,90,75,81,100,95,96,103,95,95,58,52,53,96,49,79,93,82,96,99,9,22,19,10,13,97,97,97,97,95,94,87,94,74,78,70,78,76,69,76,22
246,UP,18,CM,94,100,97,87,100,98,96,66,79,96,89,81,89,66,80,99,98,94,87,92,85,93,88,47,70,86,101,96,82,94,23,10,12,25,17,89,94,94,94,94,94,94,94,91,90,83,90,87,82,87,26
246,UP,17,CB,95,88,72,50,69,56,27,25,67,89,53,60,82,49,49,60,76,69,76,90,99,97,98,96,100,96,87,94,85,83,13,15,25,20,17,66,65,64,65,66,68,74,68,89,86,95,86,89,95,89,24
246,UP,17,RW,93,89,90,91,85,90,95,72,77,96,95,97,86,86,92,98,95,89,98,86,65,56,60,72,54,66,86,59,54,88,11,9,16,26,13,87,93,92,93,93,93,88,93,75,79,66,79,75,65,75,22
246,UP,21,ST,100,96,102,102,102,98,106,85,103,93,90,82,89,94,103,102,100,99,91,96,60,33,43,99,28,99,93,99,106,103,22,10,27,14,17,100,97,99,97,97,96,89,96,73,73,67,73,69,68,69,25
246,UP,18,RB,96,95,97,74,92,88,90,86,85,92,94,95,87,90,90,90,95,97,82,98,97,96,98,88,97,89,104,90,85,93,21,22,25,20,23,88,91,90,91,91,92,92,92,94,96,94,96,96,93,96,30
246,UP,19,RB,98,97,94,79,84,83,87,72,74,100,97,101,100,80,92,96,98,92,98,101,91,99,94,82,101,84,108,88,74,91,16,15,15,18,17,88,94,92,94,94,96,97,96,97,98,92,98,98,92,98,25
246,UP,16,LB,90,96,98,72,88,80,83,69,72,85,82,92,95,80,81,88,90,90,97,88,89,91,82,72,95,80,98,83,94,76,19,22,16,15,15,82,86,85,86,85,88,87,88,88,90,86,90,90,86,90,25
246,UP,15,GK,96,63,65,29,35,24,28,47,24,64,70,36,52,26,40,34,65,80,77,98,36,30,29,26,33,75,54,47,88,58,99,95,93,97,94,46,51,51,51,55,53,55,53,51,48,45,48,47,45,47,96
246,UP,16,LB,90,91,95,72,89,75,79,63,69,86,72,81,93,45,77,96,88,83,89,98,86,93,87,84,95,77,98,91,79,76,23,17,12,14,15,83,85,85,85,85,87,87,87,89,90,88,90,90,88,90,25
246,UP,16,LB,90,91,96,65,89,76,77,68,69,92,76,79,95,46,72,93,88,82,86,95,87,94,85,89,93,82,98,93,81,77,8,17,10,17,11,83,84,84,84,85,87,88,87,90,90,89,90,90,89,90,22
246,UP,18,RB,94,99,102,70,86,71,82,60,69,89,69,89,93,73,82,87,91,88,96,89,98,97,89,90,95,82,102,91,98,83,16,11,23,16,19,84,85,84,85,84,88,86,88,91,93,92,93,94,92,94,23
246,UP,16,CDM,91,88,88,79,92,80,81,72,67,89,83,77,90,68,69,90,91,89,87,94,93,90,89,80,96,91,104,98,89,81,9,14,23,14,24,85,86,86,86,87,87,89,87,91,90,90,90,90,91,90,24
246,UP,17,CM,95,91,81,86,84,103,88,84,73,98,99,97,102,94,93,90,97,93,100,94,80,92,94,82,68,70,84,76,86,81,16,22,21,12,22,88,92,91,92,94,92,95,92,90,89,84,89,87,82,87,26
246,UP,17,LW,93,104,100,91,91,90,96,80,64,81,78,86,74,71,90,100,95,100,81,93,38,39,42,60,40,69,89,60,88,79,20,15,18,23,9,88,93,92,93,90,91,81,91,64,71,55,71,67,55,67,25
246,UP,21,CB,99,99,97,70,82,47,77,76,64,90,77,87,79,54,74,87,93,90,97,100,102,98,98,98,105,103,96,93,106,86,19,14,9,24,21,85,85,84,85,84,87,86,87,94,96,99,96,97,99,97,27
246,UP,16,LM,91,97,102,81,80,80,97,76,88,90,82,88,81,52,73,95,90,96,87,90,91,80,78,84,80,89,94,88,95,81,13,17,16,19,25,88,90,89,90,89,91,87,91,85,87,85,87,87,85,87,26
246,UP,21,RW,100,109,111,95,97,96,103,93,91,90,87,92,94,88,84,108,97,109,105,107,52,58,64,63,58,80,91,90,103,98,11,22,22,17,26,95,100,99,100,98,98,92,98,79,83,70,83,79,70,79,28
246,UP,17,CM,90,76,87,80,89,94,81,73,76,94,97,79,88,67,85,98,95,87,86,87,72,80,82,64,67,75,89,56,88,92,20,25,27,23,23,83,88,88,88,91,88,90,88,83,82,75,82,80,75,80,30
246,UP,15,RW,90,98,102,81,91,87,88,79,81,86,81,85,77,80,92,96,90,98,88,91,53,57,58,52,41,66,89,81,81,89,11,10,16,17,11,84,90,88,90,88,89,83,89,72,75,63,75,71,62,71,21
246,UP,16,LB,93,96,92,75,79,78,86,65,69,88,82,89,84,77,95,95,88,87,84,91,90,95,94,83,98,83,102,86,91,84,10,20,17,18,14,84,87,86,87,86,89,88,89,90,93,90,93,93,90,93,23
246,UP,21,CF,100,97,98,97,95,103,105,95,94,106,90,97,98,81,99,101,104,99,94,100,76,82,76,99,53,92,102,84,94,102,19,19,23,13,26,99,100,100,100,100,100,98,100,89,89,83,89,86,82,86,28
246,UP,17,LW,90,100,99,82,83,82,82,73,71,82,88,97,83,81,93,94,92,95,90,87,38,38,41,61,38,76,83,49,85,71,27,21,9,25,14,83,90,87,90,87,89,81,89,64,70,54,70,66,54,66,28
246,UP,16,CM,89,91,89,69,90,90,88,78,80,93,85,82,88,80,79,89,91,89,88,85,86,85,89,79,86,88,100,102,80,90,10,21,13,11,27,84,86,86,86,87,87,89,87,89,88,87,88,87,87,87,24
246,UP,20,CM,95,96,95,89,101,103,92,94,78,100,94,95,96,91,91,98,99,102,90,91,60,86,85,85,54,89,97,76,84,94,11,18,11,27,10,93,95,95,95,96,95,95,95,87,87,80,87,84,78,84,24
246,UP,17,RB,93,91,95,84,89,92,89,85,77,96,82,98,84,69,88,91,94,77,87,95,91,90,89,98,92,89,94,90,81,90,16,22,20,13,22,90,91,90,91,90,91,90,91,90,93,91,93,93,91,93,26
246,UP,16,ST,88,85,86,92,90,88,91,83,82,78,66,68,52,64,82,86,91,88,85,87,60,44,42,88,49,89,76,93,101,82,24,12,9,19,16,88,84,86,84,82,81,74,81,65,67,67,67,66,68,66,24
246,UP,18,ST,96,95,96,101,100,92,96,85,90,94,89,86,80,83,85,94,96,99,90,103,50,27,54,90,25,89,93,82,92,87,15,11,18,20,21,96,95,96,95,94,93,87,93,71,73,63,73,68,62,68,26
246,UP,16,RW,86,93,92,78,80,83,84,78,75,81,84,82,69,58,84,89,91,87,77,86,27,39,42,76,32,78,78,58,80,84,24,15,14,14,23,83,86,85,86,84,84,78,84,62,66,54,66,62,54,62,26
246,UP,17,LB,92,99,97,60,80,69,69,54,60,86,63,89,82,64,79,78,82,89,80,86,94,99,90,90,100,90,86,88,96,84,19,24,23,17,19,78,79,77,79,77,81,80,81,88,90,92,90,92,92,92,27
246,UP,17,CB,92,96,94,58,78,65,62,55,63,83,61,81,81,63,76,79,81,87,85,87,96,93,94,92,99,91,86,95,95,83,15,17,15,15,14,76,77,75,77,75,79,78,79,87,89,92,89,90,92,90,23
246,UP,17,CB,93,90,87,59,68,60,70,49,60,100,79,75,82,49,63,89,99,87,87,95,97,94,91,95,94,89,87,92,84,88,21,9,12,12,16,79,83,83,83,85,85,87,85,92,91,93,91,91,93,91,23
246,UP,19,ST,95,96,100,95,95,89,99,86,96,84,90,70,73,73,86,90,97,84,80,94,63,36,47,99,36,95,81,92,107,93,23,12,11,25,13,95,91,93,91,91,89,83,89,70,70,68,70,68,68,68,26
246,UP,19,CB,97,79,72,60,72,72,52,41,73,76,47,46,86,59,50,65,82,67,73,93,102,106,93,102,100,103,93,94,90,85,24,18,10,27,14,73,67,69,67,69,69,76,69,90,84,97,84,88,97,88,28
246,UP,20,LW,98,105,100,99,94,95,102,95,91,89,97,96,94,92,92,105,97,99,96,96,50,52,59,76,40,88,93,93,81,94,27,12,15,14,17,95,98,98,98,97,98,91,98,76,78,68,78,74,67,74,26
246,UP,20,LW,100,105,100,96,105,102,89,92,93,102,90,90,100,89,82,108,107,92,90,109,47,58,61,88,49,100,98,92,83,98,15,20,27,25,26,99,100,100,100,100,100,96,100,82,83,73,83,79,73,79,31
246,UP,16,ST,90,89,89,98,89,86,95,90,95,80,82,74,69,47,82,88,87,86,78,85,56,44,54,95,38,90,83,91,86,93,26,19,19,11,18,90,86,88,86,86,85,79,85,68,69,67,69,67,66,67,25
246,UP,19,RB,97,104,103,69,81,67,87,69,56,93,85,101,90,62,88,91,95,101,102,100,99,92,94,81,98,84,107,106,92,89,12,9,13,17,16,85,91,88,91,89,93,91,93,95,98,93,98,97,93,97,22
246,UP,18,LB,96,97,102,74,86,79,93,67,65,94,85,95,87,67,97,94,94,103,99,96,99,101,93,72,96,79,106,84,88,89,15,16,26,18,25,86,92,90,92,91,93,92,93,93,96,91,96,96,91,96,27
246,UP,18,CB,96,92,89,60,88,56,64,60,73,89,80,72,88,59,65,77,87,84,88,92,101,96,91,90,101,100,90,106,99,95,26,21,26,19,15,78,78,78,78,80,81,83,81,92,89,96,89,91,96,91,28
246,UP,18,CB,96,90,85,73,87,74,70,78,72,94,70,78,87,71,84,76,87,79,86,97,98,104,95,91,96,102,87,91,100,88,21,13,23,13,18,83,81,81,81,81,82,85,82,93,91,96,91,92,96,92,25
246,UP,15,LW,86,95,99,77,83,81,82,63,86,82,76,86,82,76,85,94,87,99,103,79,39,48,45,67,45,52,82,67,82,82,14,27,22,22,25,80,86,84,86,84,85,78,85,65,70,56,70,66,56,66,28
246,UP,16,CB,90,80,74,65,88,68,52,49,79,84,67,55,78,77,75,79,77,83,70,87,92,91,92,85,95,99,86,93,83,80,9,23,14,10,22,75,72,73,72,74,73,77,73,86,82,90,82,84,90,84,23
246,UP,20,LB,98,103,99,77,99,90,87,73,76,96,91,105,95,86,98,95,98,98,106,99,96,96,97,91,99,91,101,98,104,93,18,18,10,24,16,91,94,93,94,93,95,94,95,96,98,96,98,98,96,98,27
246,UP,18,RB,94,92,93,57,80,69,78,52,60,90,69,94,88,49,90,87,89,92,96,96,96,98,92,83,95,80,103,97,91,89,12,23,12,25,15,79,84,81,84,82,86,86,86,92,94,92,94,94,92,94,26
246,UP,19,CM,96,97,94,80,90,92,94,81,81,99,91,87,99,90,95,106,99,103,110,99,81,94,86,75,81,90,102,101,89,105,22,13,24,21,25,90,95,95,95,96,96,96,96,93,92,88,92,90,88,90,29
246,UP,16,CM,91,80,82,77,95,94,94,73,84,94,89,76,93,96,84,90,95,75,81,86,96,86,86,85,87,94,95,95,97,87,16,19,18,20,23,87,87,89,87,89,88,91,88,91,87,89,87,87,90,87,26
246,UP,18,CDM,94,78,82,67,94,84,84,65,82,93,83,83,97,91,87,88,89,76,74,99,99,95,91,94,92,94,102,104,84,89,25,22,24,27,12,85,84,85,84,86,87,90,87,94,91,94,91,91,94,91,30
246,UP,20,CDM,97,94,91,95,94,95,92,74,82,97,96,89,97,82,84,99,99,90,101,92,96,96,98,97,90,103,104,106,89,96,27,24,22,18,14,95,94,95,94,95,95,96,95,97,95,96,95,95,96,95,28
246,UP,20,RW,97,106,107,86,95,93,93,73,82,98,93,97,96,87,90,98,98,100,107,100,78,67,71,69,95,72,101,99,84,100,21,14,19,24,13,90,97,95,97,96,97,93,97,87,91,80,91,89,81,89,27
246,UP,16,CM,91,81,90,77,78,89,92,84,79,97,88,90,93,80,87,97,95,97,93,95,74,78,80,69,80,60,96,76,79,91,18,19,13,27,26,84,91,89,91,92,91,91,91,85,87,77,87,85,77,85,30
246,UP,20,CDM,99,88,95,79,100,98,86,72,93,105,87,90,101,76,95,98,96,89,107,99,100,100,96,102,98,99,105,106,102,95,15,25,10,12,16,92,92,93,92,94,94,97,94,99,97,99,97,97,100,97,25
246,UP,21,CM,100,101,99,98,96,103,101,84,88,103,99,91,97,92,99,98,104,96,103,96,94,95,99,100,94,105,106,107,93,102,9,19,16,27,11,99,99,99,99,100,99,100,99,99,98,98,98,97,98,97,25
246,UP,16,RW,89,101,105,80,88,89,88,81,69,83,82,91,57,80,90,91,90,106,90,82,47,62,53,78,60,64,93,80,106,72,24,19,26,16,13,85,89,87,89,86,87,79,87,69,77,66,77,75,67,75,25
246,UP,17,LB,93,103,99,60,42,53,76,51,69,85,71,91,86,50,49,97,89,87,90,92,93,97,90,82,93,82,100,86,78,69,21,25,15,14,26,76,85,80,85,82,88,84,88,89,93,89,93,93,89,93,28
246,UP,18,CM,95,87,87,82,89,91,87,84,75,100,97,80,98,67,86,90,98,89,96,90,86,94,87,85,85,96,102,98,86,95,25,24,15,15,23,88,90,90,90,93,91,95,91,94,90,90,90,89,90,89,28
246,UP,18,CM,95,94,88,79,93,94,88,79,79,100,95,83,100,79,88,91,94,88,95,96,87,99,92,90,89,96,102,101,94,97,15,10,17,8,11,89,90,91,90,93,92,95,92,95,93,93,93,92,93,92,20
246,UP,18,RB,94,100,102,79,79,76,93,69,77,89,85,99,89,60,87,96,92,99,95,85,99,94,90,82,93,79,103,89,90,94,15,20,23,27,11,86,91,89,91,89,92,89,92,91,94,90,94,94,90,94,25
246,UP,17,CB,93,87,82,69,84,55,65,48,45,78,60,67,78,41,49,77,77,80,81,87,91,98,96,91,96,100,66,96,98,87,10,21,10,20,21,77,74,74,74,73,74,75,74,85,83,93,83,85,93,85,25
246,UP,17,CB,93,86,83,68,93,57,70,48,46,79,61,69,79,41,35,79,82,79,78,88,92,98,95,91,97,100,66,97,100,84,13,15,12,16,17,79,75,77,75,75,76,77,76,86,84,93,84,86,93,86,23
246,UP,19,LB,98,103,105,79,89,85,92,72,71,92,88,99,98,70,78,87,92,98,99,95,96,98,97,92,101,84,107,101,104,95,19,10,19,11,10,89,91,90,91,91,93,93,93,95,97,95,97,98,95,98,21
246,UP,17,CB,94,87,81,63,69,49,57,47,47,85,60,58,82,38,60,75,82,73,77,83,98,98,96,99,97,94,83,89,92,83,19,10,13,10,18,74,72,72,72,73,74,77,74,88,85,94,85,88,94,88,21
246,UP,15,GK,96,54,54,30,54,33,26,25,32,42,54,33,38,29,30,30,47,79,53,100,30,26,35,30,22,77,47,40,89,65,101,90,84,103,93,44,44,45,44,45,44,45,44,43,42,41,42,41,41,41,96
246,UP,20,CB,98,100,90,63,94,84,70,74,55,93,80,72,96,58,67,77,89,83,100,94,96,101,98,99,99,107,87,106,79,93,19,26,10,21,17,84,81,82,81,83,83,88,83,95,91,98,91,93,98,93,28
246,UP,17,RW,92,90,98,83,87,91,87,82,78,88,87,94,78,95,91,99,98,100,89,87,72,57,68,65,56,76,88,62,54,92,26,16,15,23,20,86,92,90,92,90,91,86,91,76,80,68,80,77,68,77,28
246,UP,17,CF,93,94,89,93,92,94,98,92,86,91,91,80,87,91,91,102,85,91,74,95,57,71,69,77,49,81,96,67,67,90,25,27,9,26,21,91,92,93,92,92,91,89,91,78,79,71,79,76,69,76,31
246,UP,18,CDM,97,89,87,69,79,72,83,72,71,100,88,87,101,56,68,82,95,81,93,99,96,98,95,92,92,91,106,99,95,101,14,18,12,26,22,84,86,86,86,88,90,93,90,97,94,95,94,94,95,94,28
246,UP,16,CDM,89,93,94,73,91,91,78,80,84,90,86,88,93,84,89,96,96,90,91,86,84,88,88,84,83,94,92,86,71,90,13,12,25,14,15,85,88,87,88,88,89,89,89,89,89,86,89,88,86,88,22
246,UP,17,ST,91,96,95,97,95,82,99,92,78,79,77,82,69,53,72,85,86,89,78,94,40,36,44,82,36,98,84,82,86,80,20,16,15,12,23,91,88,89,88,85,86,78,86,65,68,61,68,65,61,65,26
246,UP,18,RW,95,106,108,86,86,91,94,84,84,87,86,93,86,76,87,102,95,105,92,99,43,49,42,58,47,77,95,47,84,90,23,16,17,26,27,88,95,93,95,93,95,86,95,69,76,59,76,72,58,72,31
246,UP,18,CDM,96,93,95,82,94,89,88,78,82,96,95,77,100,76,74,96,96,93,90,96,94,97,96,82,87,96,107,89,89,94,21,21,11,15,22,90,91,92,91,93,93,96,93,96,93,92,93,93,92,93,27
246,UP,19,CM,97,92,91,95,99,96,92,76,90,100,93,80,106,90,92,91,98,93,100,97,91,89,87,95,83,95,106,98,99,93,24,21,11,22,21,94,93,94,93,95,94,97,94,95,91,91,91,91,91,91,29
246,UP,19,CDM,96,93,89,73,88,79,79,53,62,100,81,68,95,49,63,91,92,85,95,96,97,96,94,90,98,99,106,103,82,84,18,17,26,24,9,86,86,87,86,88,88,92,88,96,93,95,93,93,95,93,26
246,UP,18,CB,94,90,89,66,73,66,73,58,65,95,85,81,95,53,87,81,94,85,98,94,99,90,97,100,87,90,89,101,96,98,17,9,19,27,17,81,83,83,83,85,86,88,86,93,90,94,90,91,94,91,25
246,UP,16,LB,90,97,99,64,85,68,78,50,49,89,79,90,77,48,68,89,91,90,90,94,90,90,82,92,88,81,93,93,95,87,14,11,9,10,22,82,86,84,86,84,87,84,87,87,90,88,90,90,89,90,22
246,UP,22,CM,102,98,96,103,105,107,107,98,80,108,96,83,99,84,96,104,103,98,103,101,103,105,94,86,95,99,110,101,89,103,23,15,15,15,25,101,100,102,100,102,100,102,100,101,99,98,99,98,98,98,28
246,UP,19,CB,99,93,90,72,90,80,79,69,79,99,92,82,103,85,91,91,97,85,98,98,105,96,103,105,96,98,95,102,98,93,15,9,19,26,14,88,88,89,88,91,91,95,91,99,95,99,95,96,99,96,25
246,UP,18,RB,94,98,98,65,91,82,83,79,71,87,80,97,91,78,79,84,93,82,81,94,100,94,91,83,95,89,101,90,91,71,13,17,18,24,26,84,86,85,86,85,89,88,89,92,94,92,94,94,92,94,28
246,UP,19,LW,97,106,107,81,82,81,95,59,72,93,96,95,88,84,94,105,99,106,105,99,60,69,71,65,69,59,97,88,76,96,23,12,21,25,9,87,97,95,97,96,97,92,97,82,86,72,86,83,72,83,26
246,UP,17,RW,90,94,95,86,85,87,86,80,76,90,89,86,73,85,80,96,93,90,94,89,29,46,58,72,36,81,85,71,72,95,17,23,19,16,18,86,90,89,90,89,89,83,89,68,72,60,72,68,58,68,26
246,UP,18,CB,95,102,99,57,59,54,68,52,45,89,66,76,91,44,44,81,88,87,96,98,98,95,97,98,95,97,96,88,95,85,10,25,19,10,15,78,80,78,80,80,83,84,83,92,92,95,92,93,95,93,24
246,UP,18,CB,97,99,94,59,81,58,69,63,70,95,89,74,97,62,69,88,95,95,90,99,96,101,96,96,101,97,100,94,92,92,25,18,24,27,21,82,84,84,84,86,87,91,87,96,94,97,94,95,97,95,31
246,UP,19,LW,96,103,104,93,90,92,99,81,78,93,94,90,87,80,93,100,92,96,98,97,68,49,47,68,46,95,103,68,90,95,19,15,22,19,25,92,96,95,96,95,96,89,96,75,79,67,79,75,67,75,28
246,UP,20,CM,96,92,97,88,98,90,90,76,77,100,94,90,103,83,95,97,101,95,93,97,76,87,82,74,78,81,96,88,76,100,23,26,19,16,20,91,94,94,94,96,95,96,95,91,90,83,90,88,83,88,29
246,UP,18,CB,94,91,94,63,86,59,70,55,58,90,72,82,88,60,69,84,88,85,87,90,91,99,90,94,99,96,97,96,102,94,15,16,16,25,9,80,81,80,81,81,84,84,84,91,91,94,91,92,94,92,24
246,UP,19,RB,99,92,92,72,95,82,86,83,64,98,85,101,99,73,87,92,101,96,95,97,102,98,101,99,100,96,104,91,103,99,17,24,23,20,27,89,91,90,91,91,93,94,93,98,99,98,99,99,98,99,30
246,UP,20,CM,99,91,97,73,90,90,93,81,87,103,101,96,104,89,94,107,105,89,91,94,95,87,95,86,86,88,106,101,96,101,12,10,10,17,13,90,96,95,96,98,98,99,98,97,96,92,96,94,92,94,21
246,UP,17,CAM,93,102,100,77,80,80,87,69,82,94,96,80,90,69,91,94,99,102,91,96,60,60,66,72,71,80,101,82,69,91,17,9,14,25,23,86,91,91,91,93,93,90,93,81,83,72,83,80,72,80,26
246,UP,19,ST,97,98,96,98,102,97,102,99,93,91,83,69,76,90,88,93,99,95,93,96,38,47,40,89,36,99,93,64,93,100,19,22,14,21,21,97,93,95,93,93,91,86,91,69,70,63,70,67,63,67,28
246,UP,19,CAM,97,89,97,96,97,91,92,86,78,94,95,90,99,76,92,102,105,93,80,102,49,61,46,88,48,90,93,69,87,92,10,14,16,10,21,95,96,97,96,97,96,93,96,77,78,69,78,75,69,75,23
246,UP,18,CM,95,85,84,80,82,90,81,68,69,100,92,78,99,64,88,100,98,90,98,99,83,93,91,64,78,76,91,80,76,97,13,13,21,24,23,84,90,90,90,93,91,95,91,92,89,84,89,87,83,87,27
246,UP,16,CM,91,87,90,87,90,90,90,69,70,98,90,80,93,90,92,100,88,96,90,86,79,91,82,74,86,75,89,68,67,88,17,11,10,15,17,87,90,90,90,92,90,91,90,86,87,81,87,85,81,85,22
246,UP,16,CM,91,94,99,80,98,96,84,80,80,91,90,91,90,90,88,92,94,94,90,93,90,88,88,79,91,90,97,96,88,97,9,9,20,20,19,88,90,90,90,90,91,91,91,91,91,89,91,91,89,91,23
246,UP,18,RB,95,102,99,72,83,69,85,69,64,90,86,100,90,49,82,95,92,89,82,91,98,93,94,80,93,80,105,93,89,91,27,20,26,20,23,84,90,87,90,88,92,89,92,92,95,91,95,95,90,95,30
246,UP,17,RB,94,102,99,75,80,71,81,72,62,91,75,105,78,68,87,89,94,95,92,90,94,85,88,81,96,80,103,89,78,98,15,9,16,12,11,84,89,86,89,86,90,85,90,88,94,88,94,94,88,94,20
246,UP,20,CM,98,90,94,84,89,97,91,61,68,103,94,84,101,74,79,99,99,96,93,100,91,94,97,81,79,91,105,91,72,102,13,15,16,18,17,90,94,94,94,96,95,98,95,96,94,90,94,92,89,92,25
246,UP,19,LW,95,106,100,88,91,97,91,71,64,89,84,96,90,59,91,107,89,99,77,97,45,49,36,65,46,72,99,72,81,88,27,10,22,9,19,89,95,93,95,93,95,86,95,70,76,60,76,71,60,71,25
246,UP,17,LW,92,104,105,82,88,68,82,65,57,94,74,92,91,56,79,102,95,106,101,90,58,44,47,52,46,49,80,62,80,94,25,13,26,9,16,83,92,89,92,89,92,83,92,70,76,58,76,71,58,71,24
246,UP,22,CDM,103,94,88,72,93,99,79,74,86,103,105,86,108,95,89,98,108,102,103,99,100,104,108,92,99,92,108,95,95,106,26,13,27,22,10,89,94,94,94,97,96,102,96,103,100,99,100,99,99,99,27
246,UP,22,CDM,103,101,107,77,102,85,83,77,88,105,96,97,95,84,81,99,105,105,109,104,103,104,106,98,97,95,110,107,85,101,26,27,9,23,21,93,97,96,97,97,98,99,98,103,103,101,103,102,101,102,32
246,UP,22,CM,102,99,96,88,104,102,97,95,86,108,93,92,102,87,100,102,105,98,94,102,101,104,99,98,97,107,109,104,89,105,25,27,15,21,22,98,98,99,98,100,99,102,99,102,101,101,101,100,101,100,31
246,UP,22,CDM,103,99,102,76,89,79,81,60,67,101,98,86,102,72,69,95,97,103,112,104,109,109,107,85,100,99,110,106,104,103,16,12,25,25,25,88,92,92,92,94,95,98,95,103,101,102,101,101,102,101,29
246,UP,22,ST,102,102,105,108,103,96,111,104,87,91,82,78,81,72,96,96,103,106,95,105,58,57,64,94,65,84,85,84,85,105,17,27,13,23,17,102,98,100,98,97,95,90,95,78,81,74,81,79,74,79,29
246,UP,21,CDM,102,95,93,74,90,83,83,73,77,99,89,84,94,67,75,87,94,93,109,101,106,106,109,90,105,98,112,111,90,93,17,27,16,14,17,87,89,89,89,90,91,95,91,102,100,102,100,100,102,100,27
246,UP,22,LW,101,110,107,94,98,103,99,95,86,102,87,103,96,88,102,107,101,107,104,99,57,66,65,77,53,77,105,82,86,97,13,27,11,25,13,96,101,99,101,99,101,95,101,82,87,72,87,82,72,82,27
246,UP,23,CM,102,92,90,92,103,102,99,88,106,108,103,106,106,108,108,103,107,94,98,100,89,88,95,93,84,98,97,102,87,106,10,19,9,22,15,98,100,100,100,102,101,102,101,98,96,93,96,94,93,94,25
246,UP,16,CAM,89,89,90,80,90,96,85,91,94,89,94,84,95,87,96,87,95,92,87,84,74,66,77,77,67,77,90,60,79,94,17,16,25,24,17,85,88,88,88,89,88,88,88,81,81,74,81,79,73,79,26
246,UP,22,RW,103,107,108,99,93,96,109,90,87,102,102,96,101,85,90,105,106,102,107,102,96,99,102,91,85,88,112,106,90,108,12,13,20,24,20,100,103,103,103,103,103,103,103,100,100,96,100,99,95,99,26
246,UP,22,ST,101,104,108,106,100,99,103,100,102,92,93,91,85,99,102,99,105,98,96,101,59,68,59,105,73,87,91,100,99,102,24,10,18,22,17,101,100,101,100,98,98,92,98,81,84,79,84,83,80,83,27
246,UP,21,CB,101,98,98,79,88,78,84,67,79,92,87,77,95,80,86,92,89,98,109,107,108,100,92,99,108,100,101,110,109,102,9,19,20,17,25,89,89,90,89,90,90,92,90,97,96,101,96,97,102,97,27
246,UP,18,ST,95,97,103,97,104,93,102,96,93,92,79,76,63,69,87,93,96,89,85,94,54,49,43,82,45,95,83,67,88,93,23,24,19,10,27,95,93,94,93,91,90,82,90,69,73,66,73,70,66,70,28
246,UP,21,CDM,102,96,93,89,102,99,91,82,78,105,92,89,109,87,92,99,102,96,105,101,104,105,97,98,99,94,109,109,104,103,11,27,19,21,13,96,96,97,96,98,97,101,97,102,99,101,99,99,101,99,27
246,UP,21,CB,101,82,82,76,76,58,80,52,47,86,72,49,73,47,48,80,88,83,100,100,108,101,100,109,97,108,99,109,99,88,26,19,13,15,9,84,78,82,78,81,80,84,80,94,89,101,89,92,101,92,26
246,UP,19,ST,97,108,108,99,101,91,103,98,93,88,84,69,84,71,89,102,92,105,94,95,36,48,47,86,57,89,99,93,100,91,13,26,11,20,17,97,95,96,95,94,93,86,93,72,75,67,75,72,67,72,26
246,UP,17,LW,92,91,89,92,100,88,91,88,82,94,93,88,78,81,86,95,97,81,97,89,34,43,41,79,49,81,78,75,80,88,16,17,27,27,16,91,92,92,92,92,91,85,91,68,71,60,71,67,61,67,27
246,UP,22,RM,103,102,100,91,101,100,101,91,108,109,96,110,110,101,102,103,103,97,110,105,99,100,99,88,98,96,111,106,92,109,9,14,25,19,13,98,101,100,101,101,103,103,103,103,103,98,103,102,98,102,24
246,UP,20,LB,100,89,97,78,105,103,88,92,92,100,89,107,102,100,98,93,102,93,103,99,105,101,102,97,102,96,101,94,94,96,21,27,23,12,11,93,94,93,94,94,96,97,96,100,100,99,100,100,99,100,26
246,UP,16,CB,91,85,86,49,78,69,64,47,57,88,79,77,86,64,68,84,92,77,90,96,97,92,83,92,96,86,80,100,87,90,27,9,21,27,11,76,79,79,79,80,81,83,81,89,87,91,87,88,92,88,27
246,UP,18,CAM,94,90,98,84,88,94,90,82,98,97,90,89,95,94,93,100,99,89,95,100,67,81,67,82,69,77,83,84,77,91,15,16,10,23,16,90,94,93,94,94,94,92,94,84,84,78,84,82,78,82,26
246,UP,21,LW,98,96,104,87,92,98,96,86,97,95,97,104,92,87,99,108,94,103,108,93,74,79,77,81,83,84,95,100,96,96,18,15,23,15,13,92,98,96,98,96,97,93,97,87,90,83,90,88,84,88,24
246,UP,20,RW,100,107,106,88,89,91,96,85,76,96,95,103,100,64,98,102,105,105,104,106,78,78,69,82,82,69,105,84,92,102,16,10,27,19,24,93,100,98,100,99,100,96,100,88,93,81,93,90,82,90,27
246,UP,17,LM,93,100,102,80,94,96,87,82,80,88,80,99,88,94,107,97,95,103,81,97,57,71,74,69,85,80,97,84,65,88,13,11,18,17,26,88,93,91,93,90,93,88,93,82,87,75,87,85,76,85,25
246,UP,16,RB,88,82,91,72,86,73,76,71,77,89,79,98,90,60,82,77,85,83,82,89,89,96,72,93,86,85,96,96,95,63,24,22,20,24,17,81,82,81,82,82,84,84,84,87,87,88,87,88,88,88,29
246,UP,20,CB,99,90,88,71,85,72,72,64,76,89,81,77,94,76,72,85,93,86,99,93,104,100,98,108,100,99,89,99,93,91,11,13,17,19,16,84,83,84,83,84,85,88,85,95,92,99,92,94,99,94,23
246,UP,19,RB,98,98,96,90,91,91,88,80,89,102,86,107,96,75,92,99,92,88,97,99,95,96,94,92,105,88,97,93,96,93,22,19,22,16,27,92,95,93,95,93,96,94,96,95,98,95,98,98,95,98,29
